product_name,Original,discount,image,timestamp
Krunch Biscuit (390g),RM9.30,26%,https://shopee.com.my/image_not_available.jpg,6/07/2025
Rasa All-in-One Seasonin…,RM7.53,24%,https://shopee.com.my/image_not_available.jpg,6/07/2025
Rasa All-in-One Seasonin…,RM5.68,24%,https://shopee.com.my/image_not_available.jpg,6/07/2025
Cup Curry Flavor 58g x 6…,RM10.86,22%,https://shopee.com.my/image_not_available.jpg,6/07/2025
Classic Refill Pack 100g…,RM13.43,12%,https://shopee.com.my/image_not_available.jpg,6/07/2025
,RM3.09,,https://shopee.com.my/image_not_available.jpg,6/07/2025
COD,RM12.21,,https://shopee.com.my/image_not_available.jpg,6/07/2025
Sea Shipping,RM13.35,,https://shopee.com.my/image_not_available.jpg,6/07/2025
Sea Shipping,RM13.00,,https://shopee.com.my/image_not_available.jpg,6/07/2025
Sea Shipping,RM24.55,,https://shopee.com.my/image_not_available.jpg,6/07/2025
Dutch Lady UHT Milk Full…,RM23.59,11%,https://shopee.com.my/image_not_available.jpg,6/07/2025
Classic Refill Pack 300g…,RM33.67,12%,https://shopee.com.my/image_not_available.jpg,6/07/2025
Classic Decaf Water Dec…,RM19.68,11%,https://shopee.com.my/image_not_available.jpg,6/07/2025
Rasa All-in-One Seasonin…,RM2.89,22%,https://shopee.com.my/image_not_available.jpg,6/07/2025
Aroma Classic Refill Pac…,RM24.15,10%,https://shopee.com.my/image_not_available.jpg,6/07/2025
Cornflakes Cereal 500g…,RM11.74,21%,https://shopee.com.my/image_not_available.jpg,6/07/2025
EVERYDAY FMP Softpac…,RM42.14,20%,https://shopee.com.my/image_not_available.jpg,6/07/2025
Chicken Carbonara Rame…,RM23.65,19%,https://shopee.com.my/image_not_available.jpg,6/07/2025
Giler Ayam Bakar 76g x 5…,RM8.85,11%,https://shopee.com.my/image_not_available.jpg,6/07/2025
Concentrate Regular 2L,RM23.85,15%,https://shopee.com.my/image_not_available.jpg,6/07/2025
Family Pack,RM10.29,18%,https://shopee.com.my/image_not_available.jpg,6/07/2025
Drink Mixed Berries 125…,RM14.59,23%,https://shopee.com.my/image_not_available.jpg,6/07/2025
Plus Acticol Milk Powder…,RM41.16,22%,https://shopee.com.my/image_not_available.jpg,6/07/2025
Activ-Go HCL2.0 Energy…,RM20.84,15%,https://shopee.com.my/image_not_available.jpg,6/07/2025
NESTLE Milo Chocolate…,RM49.15,12%,https://shopee.com.my/image_not_available.jpg,6/07/2025
Price Range,RM MIN,,https://shopee.com.my/image_not_available.jpg,6/07/2025
RM MIN,RM MAX,,https://shopee.com.my/image_not_available.jpg,6/07/2025
Granola Oats Cranberry &…,RM16.86,8%,https://shopee.com.my/image_not_available.jpg,6/07/2025
Arabica & Robusta Jar…,RM43.57,12%,https://shopee.com.my/image_not_available.jpg,6/07/2025
Ambi Pur Fabric Refreshe…,RM10.70,23%,https://shopee.com.my/image_not_available.jpg,6/07/2025
Freshener Downy Room…,RM15.19,24%,https://shopee.com.my/image_not_available.jpg,6/07/2025
Korean Spicy Goreng 87g…,RM9.03,5%,https://shopee.com.my/image_not_available.jpg,6/07/2025
,RM10.18,,https://shopee.com.my/image_not_available.jpg,6/07/2025
COD,RM3.99,,https://shopee.com.my/image_not_available.jpg,6/07/2025
Sea Shipping,RM9.95,,https://shopee.com.my/image_not_available.jpg,6/07/2025
Sea Shipping,RM2.19,,https://shopee.com.my/image_not_available.jpg,6/07/2025
Sea Shipping,RM20.56,,https://shopee.com.my/image_not_available.jpg,6/07/2025
Sugar-Free 2 In 1 Coffee…,RM9.50,22%,https://shopee.com.my/image_not_available.jpg,6/07/2025
Drink Mixed Berries 125…,RM3.99,33%,https://shopee.com.my/image_not_available.jpg,6/07/2025
𝗯𝗮𝗰𝘁𝗲𝗿𝗶𝗮𝗹 Foaming Hand…,RM6.78,29%,https://shopee.com.my/image_not_available.jpg,6/07/2025
Syiok Tom Yam Kaw 96g…,RM3.65,21%,https://shopee.com.my/image_not_available.jpg,6/07/2025
Softener Blooming Garde…,RM6.64,10%,https://shopee.com.my/image_not_available.jpg,6/07/2025
Price Range,RM MIN,,https://shopee.com.my/image_not_available.jpg,6/07/2025
RM MIN,RM MAX,,https://shopee.com.my/image_not_available.jpg,6/07/2025
Awaken Mind Classic Jar…,RM14.55,20%,https://shopee.com.my/image_not_available.jpg,6/07/2025
Spaghetti 500G,RM6.78,20%,https://shopee.com.my/image_not_available.jpg,6/07/2025
Libresse Maxi Night Wing…,RM14.65,29%,https://shopee.com.my/image_not_available.jpg,6/07/2025
Revitalizing Cream…,RM11.70,31%,https://shopee.com.my/image_not_available.jpg,6/07/2025
Chicken Stock Cube 120…,RM5.37,11%,https://shopee.com.my/image_not_available.jpg,6/07/2025
,RM18.31,,https://shopee.com.my/image_not_available.jpg,6/07/2025
COD,RM5.38,,https://shopee.com.my/image_not_available.jpg,6/07/2025
Sea Shipping,RM11.85,,https://shopee.com.my/image_not_available.jpg,6/07/2025
COD,RM4.80,,https://shopee.com.my/image_not_available.jpg,6/07/2025
COD,RM8.69,,https://shopee.com.my/image_not_available.jpg,6/07/2025
Peanut & Raisin 70g,RM2.40,25%,https://shopee.com.my/image_not_available.jpg,6/07/2025
Cup Granola Mixed Berrie…,RM7.20,19%,https://shopee.com.my/image_not_available.jpg,6/07/2025
Elegant Blossom And Ou…,RM16.09,23%,https://shopee.com.my/image_not_available.jpg,6/07/2025
Cheese 290g,RM6.35,12%,https://shopee.com.my/image_not_available.jpg,6/07/2025
Sour Cream & Onion 102g,RM6.44,13%,https://shopee.com.my/image_not_available.jpg,6/07/2025
Price Range,RM MIN,,https://shopee.com.my/image_not_available.jpg,6/07/2025
RM MIN,RM MAX,,https://shopee.com.my/image_not_available.jpg,6/07/2025
White Exfoliating Mineral…,RM21.08,23%,https://shopee.com.my/image_not_available.jpg,6/07/2025
Detergent Brilliant White…,RM10.75,28%,https://shopee.com.my/image_not_available.jpg,6/07/2025
Arabica Jar 100g (Halal),RM24.98,10%,https://shopee.com.my/image_not_available.jpg,6/07/2025
Dishwashing Liquid Refill…,RM5.59,29%,https://shopee.com.my/image_not_available.jpg,6/07/2025
Low Cutting Force…,RM55.50,25%,https://shopee.com.my/image_not_available.jpg,6/07/2025
,RM2.20,,https://shopee.com.my/image_not_available.jpg,6/07/2025
COD,RM16.51,,https://shopee.com.my/image_not_available.jpg,6/07/2025
Sea Shipping,RM9.39,,https://shopee.com.my/image_not_available.jpg,6/07/2025
COD,RM3.90,,https://shopee.com.my/image_not_available.jpg,6/07/2025
Sea Shipping,RM11.40,,https://shopee.com.my/image_not_available.jpg,6/07/2025
TomYamKaw 88g x 5…,RM8.30,7%,https://shopee.com.my/image_not_available.jpg,6/07/2025
Embrace Green Razor 1…,RM42.50,,https://shopee.com.my/image_not_available.jpg,6/07/2025
Rolled Oats 800g,RM9.55,11%,https://shopee.com.my/image_not_available.jpg,6/07/2025
Skinguard Blade Refills 4s,RM45.20,30%,https://shopee.com.my/image_not_available.jpg,6/07/2025
Maximum Cavity…,RM20.47,12%,https://shopee.com.my/image_not_available.jpg,6/07/2025
80s,RM10.25,8%,https://shopee.com.my/image_not_available.jpg,6/07/2025
Instant 4in1 Double Oat…,RM9.01,20%,https://shopee.com.my/image_not_available.jpg,6/07/2025
𝗦𝗼𝘂𝗿 𝗖𝗿𝗲𝗮𝗺 & 𝗢𝗻𝗶𝗼𝗻…,RM3.20,9%,https://shopee.com.my/image_not_available.jpg,6/07/2025
Naturals Anti Dandruff…,RM9.55,18%,https://shopee.com.my/image_not_available.jpg,6/07/2025
Freshener Refreshing…,RM5.45,30%,https://shopee.com.my/image_not_available.jpg,6/07/2025
Libresse SecureFit…,RM15.00,27%,https://shopee.com.my/image_not_available.jpg,6/07/2025
Laundry Detergent Silky…,RM20.29,42%,https://shopee.com.my/image_not_available.jpg,6/07/2025
Cologne Happy Berries…,RM8.07,23%,https://shopee.com.my/image_not_available.jpg,6/07/2025
Kopitiam Smooth Roast…,RM16.69,20%,https://shopee.com.my/image_not_available.jpg,6/07/2025
Parfum Mystique…,RM22.83,33%,https://shopee.com.my/image_not_available.jpg,6/07/2025
Price Range,RM MIN,,https://shopee.com.my/image_not_available.jpg,6/07/2025
RM MIN,RM MAX,,https://shopee.com.my/image_not_available.jpg,6/07/2025
Arabica & Robusta 2 In 1…,RM13.00,27%,https://shopee.com.my/image_not_available.jpg,6/07/2025
Syiok Cili Ala Kampung…,RM3.55,23%,https://shopee.com.my/image_not_available.jpg,6/07/2025
Cook Mac & Cheese 70g,RM3.90,15%,https://shopee.com.my/image_not_available.jpg,6/07/2025
Declogger 500ml,RM13.27,21%,https://shopee.com.my/image_not_available.jpg,6/07/2025
Moisture Fresh 𝗙𝗹𝗼𝗿𝗮𝗹…,RM10.09,37%,https://shopee.com.my/image_not_available.jpg,6/07/2025
,RM9.25,,https://shopee.com.my/image_not_available.jpg,6/07/2025
COD,RM6.25,,https://shopee.com.my/image_not_available.jpg,6/07/2025
COD,RM7.99,,https://shopee.com.my/image_not_available.jpg,6/07/2025
COD,RM7.95,,https://shopee.com.my/image_not_available.jpg,6/07/2025
COD,RM14.65,,https://shopee.com.my/image_not_available.jpg,6/07/2025
Sensitive Pro Relief…,RM18.99,28%,https://shopee.com.my/image_not_available.jpg,6/07/2025
Strength Fabric Refresher…,RM18.40,23%,https://shopee.com.my/image_not_available.jpg,6/07/2025
Dishwashing Paste…,RM4.16,18%,https://shopee.com.my/image_not_available.jpg,6/07/2025
Honey Lemon 250ml x 6s,RM8.05,6%,https://shopee.com.my/image_not_available.jpg,6/07/2025
Tomato Sauce 415g,RM6.35,20%,https://shopee.com.my/image_not_available.jpg,6/07/2025
Price Range,RM MIN,,https://shopee.com.my/image_not_available.jpg,6/07/2025
RM MIN,RM MAX,,https://shopee.com.my/image_not_available.jpg,6/07/2025
Softener Luxurious Violet…,RM6.84,7%,https://shopee.com.my/image_not_available.jpg,6/07/2025
Tissue 2ply 200s x 4,RM17.09,11%,https://shopee.com.my/image_not_available.jpg,6/07/2025
NoArtificialColours Pasta…,RM10.35,19%,https://shopee.com.my/image_not_available.jpg,6/07/2025
«,RM67.99,10%,https://shopee.com.my/image_not_available.jpg,6/07/2025
Hours Relief Cold…,RM8.16,24%,https://shopee.com.my/image_not_available.jpg,6/07/2025
,RM19.90,,https://shopee.com.my/image_not_available.jpg,6/07/2025
Sea Shipping,RM8.80,,https://shopee.com.my/image_not_available.jpg,6/07/2025
COD,RM9.90,,https://shopee.com.my/image_not_available.jpg,6/07/2025
COD,RM26.69,,https://shopee.com.my/image_not_available.jpg,6/07/2025
COD,RM38.90,,https://shopee.com.my/image_not_available.jpg,6/07/2025
Tea 𝟯𝗶𝗻𝟭 White Milk Tea…,RM17.39,18%,https://shopee.com.my/image_not_available.jpg,6/07/2025
Fun Pack Cereal (130g x…,RM8.85,11%,https://shopee.com.my/image_not_available.jpg,6/07/2025
Chicken Quattro Cheese…,RM21.90,18%,https://shopee.com.my/image_not_available.jpg,6/07/2025
Chocolate Cappuccino…,RM6.50,27%,https://shopee.com.my/image_not_available.jpg,6/07/2025
Extra Pedas 395g,RM5.65,18%,https://shopee.com.my/image_not_available.jpg,6/07/2025
Price Range,RM MIN,,https://shopee.com.my/image_not_available.jpg,6/07/2025
RM MIN,RM MAX,,https://shopee.com.my/image_not_available.jpg,6/07/2025
Drink Mango 125ml x 20s,RM14.59,23%,https://shopee.com.my/image_not_available.jpg,6/07/2025
ROAST Indulgence Salted…,RM14.50,3%,https://shopee.com.my/image_not_available.jpg,6/07/2025
Cooling Gel Sheet For…,RM14.16,5%,https://shopee.com.my/image_not_available.jpg,6/07/2025
theraphy rosy balm 10g,RM14.00,22%,https://shopee.com.my/image_not_available.jpg,6/07/2025
Goreng Spicy'licious 86g …,RM4.89,25%,https://shopee.com.my/image_not_available.jpg,6/07/2025
,RM10.75,,https://shopee.com.my/image_not_available.jpg,6/07/2025
Sea Shipping,RM11.90,,https://shopee.com.my/image_not_available.jpg,6/07/2025
COD,RM22.95,,https://shopee.com.my/image_not_available.jpg,6/07/2025
Sea Shipping,RM5.39,,https://shopee.com.my/image_not_available.jpg,6/07/2025
Sea Shipping,RM7.99,,https://shopee.com.my/image_not_available.jpg,6/07/2025
𝗠𝗼𝗶𝘀𝘁𝘂𝗿𝗲 𝗙𝗿𝗲𝘀𝗵 Shower…,RM7.19,33%,https://shopee.com.my/image_not_available.jpg,6/07/2025
Bacterial Wet Wipes 10s …,RM12.52,16%,https://shopee.com.my/image_not_available.jpg,6/07/2025
Fabric Softener French…,RM5.39,18%,https://shopee.com.my/image_not_available.jpg,6/07/2025
Laundry Detergent Silky…,RM10.75,28%,https://shopee.com.my/image_not_available.jpg,6/07/2025
Blackcurrant STD 300ml,RM6.20,22%,https://shopee.com.my/image_not_available.jpg,6/07/2025
Price Range,RM MIN,,https://shopee.com.my/image_not_available.jpg,6/07/2025
RM MIN,RM MAX,,https://shopee.com.my/image_not_available.jpg,6/07/2025
Toothbrush Super Value…,RM6.68,33%,https://shopee.com.my/image_not_available.jpg,6/07/2025
Parfum Adorable Bouque…,RM16.35,33%,https://shopee.com.my/image_not_available.jpg,6/07/2025
Can Regular 320ml,RM2.45,18%,https://shopee.com.my/image_not_available.jpg,6/07/2025
𝗦𝘁𝗶𝗰𝗸 Salted 100g,RM5.71,16%,https://shopee.com.my/image_not_available.jpg,6/07/2025
Towel 60s x 6roll,RM13.20,11%,https://shopee.com.my/image_not_available.jpg,6/07/2025
,RM2.52,,https://shopee.com.my/image_not_available.jpg,6/07/2025
COD,RM19.59,,https://shopee.com.my/image_not_available.jpg,6/07/2025
COD,RM26.18,,https://shopee.com.my/image_not_available.jpg,6/07/2025
Sea Shipping,RM4.19,,https://shopee.com.my/image_not_available.jpg,6/07/2025
Sea Shipping,RM5.65,,https://shopee.com.my/image_not_available.jpg,6/07/2025
Cereal 300g (Halal),RM10.25,21%,https://shopee.com.my/image_not_available.jpg,6/07/2025
Fresh Air Refreshing Gel…,RM7.95,24%,https://shopee.com.my/image_not_available.jpg,6/07/2025
Mint Mouthwash Twin…,RM31.88,32%,https://shopee.com.my/image_not_available.jpg,6/07/2025
Magical Bloom 3.8kg,RM16.39,29%,https://shopee.com.my/image_not_available.jpg,6/07/2025
Bud Skincare 640 Tips,RM2.79,15%,https://shopee.com.my/image_not_available.jpg,6/07/2025
Price Range,RM MIN,,https://shopee.com.my/image_not_available.jpg,6/07/2025
RM MIN,RM MAX,,https://shopee.com.my/image_not_available.jpg,6/07/2025
Mushroom Pasta Sauce…,RM7.45,10%,https://shopee.com.my/image_not_available.jpg,6/07/2025
Guide Organic Sweet…,RM7.16,23%,https://shopee.com.my/image_not_available.jpg,6/07/2025
Kids Shiny Drops…,RM17.43,26%,https://shopee.com.my/image_not_available.jpg,6/07/2025
Chocolate Funsize (20g x…,RM11.88,20%,https://shopee.com.my/image_not_available.jpg,6/07/2025
Marble & Terrazzo Floor…,RM20.89,22%,https://shopee.com.my/image_not_available.jpg,6/07/2025
,RM6.38,,https://shopee.com.my/image_not_available.jpg,6/07/2025
Sea Shipping,RM6.35,,https://shopee.com.my/image_not_available.jpg,6/07/2025
Sea Shipping,RM20.80,,https://shopee.com.my/image_not_available.jpg,6/07/2025
Sea Shipping,RM7.29,,https://shopee.com.my/image_not_available.jpg,6/07/2025
COD,RM4.80,,https://shopee.com.my/image_not_available.jpg,6/07/2025
Absorption Core Adult…,RM15.19,29%,https://shopee.com.my/image_not_available.jpg,6/07/2025
Samyang Hot Chicken…,RM47.40,38%,https://shopee.com.my/image_not_available.jpg,6/07/2025
1 Coffee Mix Regular (25…,RM7.90,35%,https://shopee.com.my/image_not_available.jpg,6/07/2025
Clean Fresh Shower Foa…,RM7.19,33%,https://shopee.com.my/image_not_available.jpg,6/07/2025
Ambi Pur Room Fresh Ge…,RM15.60,22%,https://shopee.com.my/image_not_available.jpg,6/07/2025
Price Range,RM MIN,,https://shopee.com.my/image_not_available.jpg,6/07/2025
RM MIN,RM MAX,,https://shopee.com.my/image_not_available.jpg,6/07/2025
Lime Dishwash Liquid 4.5L,RM30.39,13%,https://shopee.com.my/image_not_available.jpg,6/07/2025
Wafer Sticks Strawberry…,RM8.80,10%,https://shopee.com.my/image_not_available.jpg,6/07/2025
Toiletbowl Botanical…,RM10.59,22%,https://shopee.com.my/image_not_available.jpg,6/07/2025
Hand Wash Uplift (250ml…,RM21.47,20%,https://shopee.com.my/image_not_available.jpg,6/07/2025
Intensive SPF 24…,RM41.33,34%,https://shopee.com.my/image_not_available.jpg,6/07/2025
,RM2.84,,https://shopee.com.my/image_not_available.jpg,6/07/2025
COD,RM8.39,,https://shopee.com.my/image_not_available.jpg,6/07/2025
Sea Shipping,RM12.00,,https://shopee.com.my/image_not_available.jpg,6/07/2025
COD,RM7.36,,https://shopee.com.my/image_not_available.jpg,6/07/2025
Sea Shipping,RM9.39,,https://shopee.com.my/image_not_available.jpg,6/07/2025
Colour 1.5kg,RM11.70,8%,https://shopee.com.my/image_not_available.jpg,6/07/2025
Jasmine Green Tea 2g x…,RM12.05,9%,https://shopee.com.my/image_not_available.jpg,6/07/2025
Kotex Anti-Bacteria…,RM16.10,11%,https://shopee.com.my/image_not_available.jpg,6/07/2025
Honey Yuzu 1.5L,RM7.10,6%,https://shopee.com.my/image_not_available.jpg,6/07/2025
3in1 Brown Sugar White…,RM15.69,15%,https://shopee.com.my/image_not_available.jpg,6/07/2025
Price Range,RM MIN,,https://shopee.com.my/image_not_available.jpg,6/07/2025
RM MIN,RM MAX,,https://shopee.com.my/image_not_available.jpg,6/07/2025
Strawberry Corn Flakes…,RM7.75,13%,https://shopee.com.my/image_not_available.jpg,6/07/2025
Tropical Jumbo (700ml),RM13.99,26%,https://shopee.com.my/image_not_available.jpg,6/07/2025
Macaroni 400g,RM3.40,14%,https://shopee.com.my/image_not_available.jpg,6/07/2025
Sandwich Biscuit - 𝗦𝗮𝗹𝘁𝗲𝗱…,RM9.90,16%,https://shopee.com.my/image_not_available.jpg,6/07/2025
Gift Dried Raisins with…,RM5.39,18%,https://shopee.com.my/image_not_available.jpg,6/07/2025
,RM18.75,,https://shopee.com.my/image_not_available.jpg,6/07/2025
COD,RM7.56,,https://shopee.com.my/image_not_available.jpg,6/07/2025
COD,RM22.72,,https://shopee.com.my/image_not_available.jpg,6/07/2025
Sea Shipping,RM18.40,,https://shopee.com.my/image_not_available.jpg,6/07/2025
COD,RM23.16,,https://shopee.com.my/image_not_available.jpg,6/07/2025
Ambi Pur Luxe Car Air…,RM16.51,33%,https://shopee.com.my/image_not_available.jpg,6/07/2025
Berries Jumbo (700ml),RM13.99,26%,https://shopee.com.my/image_not_available.jpg,6/07/2025
Kotex Natural Care Maxi…,RM16.10,11%,https://shopee.com.my/image_not_available.jpg,6/07/2025
Toothpaste Cavity…,RM6.78,28%,https://shopee.com.my/image_not_available.jpg,6/07/2025
1 Latte 25g x 12s,RM13.00,27%,https://shopee.com.my/image_not_available.jpg,6/07/2025
Premium Mixes Caff«…,RM12.90,2%,https://shopee.com.my/image_not_available.jpg,6/07/2025
Caramelly Smooth…,RM11.34,14%,https://shopee.com.my/image_not_available.jpg,6/07/2025
Goreng Asli Jumbo 139g …,RM6.29,15%,https://shopee.com.my/image_not_available.jpg,6/07/2025
Krunch Cereal 450g (Halal),RM13.62,22%,https://shopee.com.my/image_not_available.jpg,6/07/2025
Activ-Go HCL2.0 1.8kg…,RM36.75,20%,https://shopee.com.my/image_not_available.jpg,6/07/2025
,RM3.40,,https://shopee.com.my/image_not_available.jpg,6/07/2025
COD,RM119.90,,https://shopee.com.my/image_not_available.jpg,6/07/2025
COD,RM16.00,,https://shopee.com.my/image_not_available.jpg,6/07/2025
Sea Shipping,RM15.69,,https://shopee.com.my/image_not_available.jpg,6/07/2025
COD,RM2.89,,https://shopee.com.my/image_not_available.jpg,6/07/2025
Goreng Asli 90g x 5 Pack…,RM5.73,12%,https://shopee.com.my/image_not_available.jpg,6/07/2025
Pack Cereal 140g (Halal),RM9.23,7%,https://shopee.com.my/image_not_available.jpg,6/07/2025
Classic Arabica&Robusta…,RM24.15,10%,https://shopee.com.my/image_not_available.jpg,6/07/2025
Cappuccino 18g x 4s…,RM12.90,2%,https://shopee.com.my/image_not_available.jpg,6/07/2025
HUGGIES AirSoft Tape…,RM135.00,22%,https://shopee.com.my/image_not_available.jpg,6/07/2025
Price Range,RM MIN,,https://shopee.com.my/image_not_available.jpg,6/07/2025
RM MIN,RM MAX,,https://shopee.com.my/image_not_available.jpg,6/07/2025
Gentle Preemie Baby…,RM16.90,16%,https://shopee.com.my/image_not_available.jpg,6/07/2025
Cleaner Lemongrass &…,RM12.15,30%,https://shopee.com.my/image_not_available.jpg,6/07/2025
Pesto Alla Genovese Pas…,RM21.15,15%,https://shopee.com.my/image_not_available.jpg,6/07/2025
Noodles Economy Pack…,RM6.87,13%,https://shopee.com.my/image_not_available.jpg,6/07/2025
Calcium Boost Pluz UHT…,RM11.53,8%,https://shopee.com.my/image_not_available.jpg,6/07/2025
,RM31.40,,https://shopee.com.my/image_not_available.jpg,6/07/2025
COD,RM14.50,,https://shopee.com.my/image_not_available.jpg,6/07/2025
Sea Shipping,RM10.69,,https://shopee.com.my/image_not_available.jpg,6/07/2025
Sea Shipping,RM13.00,,https://shopee.com.my/image_not_available.jpg,6/07/2025
Sea Shipping,RM8.04,,https://shopee.com.my/image_not_available.jpg,6/07/2025
𝗦𝗵𝗼𝗿𝘁𝗯𝗿𝗲𝗮𝗱 Finger 150g,RM20.35,21%,https://shopee.com.my/image_not_available.jpg,6/07/2025
Ambi Pur Fabric Refreshe…,RM18.40,23%,https://shopee.com.my/image_not_available.jpg,6/07/2025
Yogi Chocolate with…,RM2.39,15%,https://shopee.com.my/image_not_available.jpg,6/07/2025
Tea 400g,RM11.80,8%,https://shopee.com.my/image_not_available.jpg,6/07/2025
Kitchen Dishwash Liquid…,RM11.11,32%,https://shopee.com.my/image_not_available.jpg,6/07/2025
Price Range,RM MIN,,https://shopee.com.my/image_not_available.jpg,6/07/2025
RM MIN,RM MAX,,https://shopee.com.my/image_not_available.jpg,6/07/2025
Powder Detergent 3.8kg,RM16.39,29%,https://shopee.com.my/image_not_available.jpg,6/07/2025
Parfum Concentrated…,RM5.39,20%,https://shopee.com.my/image_not_available.jpg,6/07/2025
Body Scrub - White Turni…,RM7.29,9%,https://shopee.com.my/image_not_available.jpg,6/07/2025
Milk Chocolate 1L [Exp 1…,RM5.89,25%,https://shopee.com.my/image_not_available.jpg,6/07/2025
Peony & Berry Bliss…,RM18.09,23%,https://shopee.com.my/image_not_available.jpg,6/07/2025
,RM14.24,,https://shopee.com.my/image_not_available.jpg,6/07/2025
COD,RM4.90,,https://shopee.com.my/image_not_available.jpg,6/07/2025
COD,RM5.10,,https://shopee.com.my/image_not_available.jpg,6/07/2025
Sea Shipping,RM16.09,,https://shopee.com.my/image_not_available.jpg,6/07/2025
COD,RM5.89,,https://shopee.com.my/image_not_available.jpg,6/07/2025
Detergent Colour Protect…,RM20.29,42%,https://shopee.com.my/image_not_available.jpg,6/07/2025
Sawaday Fragrance Liqui…,RM8.69,3%,https://shopee.com.my/image_not_available.jpg,6/07/2025
Krunch Cereal Bar 25g x…,RM49.65,17%,https://shopee.com.my/image_not_available.jpg,6/07/2025
Bright Serum Twin Pack (…,RM25.40,,https://shopee.com.my/image_not_available.jpg,6/07/2025
Butter 𝗖𝗵𝗼𝗰𝗼𝗹𝗮𝘁𝗲…,RM6.19,17%,https://shopee.com.my/image_not_available.jpg,6/07/2025
Price Range,RM MIN,,https://shopee.com.my/image_not_available.jpg,6/07/2025
RM MIN,RM MAX,,https://shopee.com.my/image_not_available.jpg,6/07/2025
Robusta Kopi O 16g x 15…,RM9.70,10%,https://shopee.com.my/image_not_available.jpg,6/07/2025
Gold+ Super Jumbo Pack…,RM30.50,10%,https://shopee.com.my/image_not_available.jpg,6/07/2025
Surface Cleaner Spray…,RM17.55,5%,https://shopee.com.my/image_not_available.jpg,6/07/2025
Free Goodnes Dairy Free…,RM10.65,11%,https://shopee.com.my/image_not_available.jpg,6/07/2025
𝗛𝗶𝗺𝗮𝗹𝗮𝘆𝗮𝗻 𝗣𝗶𝗻𝗸 𝗥𝗼𝗰𝗸 𝗦𝗮𝗹…,RM2.29,23%,https://shopee.com.my/image_not_available.jpg,6/07/2025
,RM6.19,,https://shopee.com.my/image_not_available.jpg,6/07/2025
Sea Shipping,RM10.36,,https://shopee.com.my/image_not_available.jpg,6/07/2025
COD,RM29.95,,https://shopee.com.my/image_not_available.jpg,6/07/2025
Sea Shipping,RM13.39,,https://shopee.com.my/image_not_available.jpg,6/07/2025
COD,RM21.62,,https://shopee.com.my/image_not_available.jpg,6/07/2025
Hand Wash Skincare Refi…,RM12.55,7%,https://shopee.com.my/image_not_available.jpg,6/07/2025
Milk Strawberry 1L [Exp 2…,RM6.29,20%,https://shopee.com.my/image_not_available.jpg,6/07/2025
White Exfoliating Mineral…,RM11.92,23%,https://shopee.com.my/image_not_available.jpg,6/07/2025
Pasta Sauce 680g,RM13.05,13%,https://shopee.com.my/image_not_available.jpg,6/07/2025
Aroma Therapy Shower…,RM7.67,15%,https://shopee.com.my/image_not_available.jpg,6/07/2025
Price Range,RM MIN,,https://shopee.com.my/image_not_available.jpg,6/07/2025
RM MIN,RM MAX,,https://shopee.com.my/image_not_available.jpg,6/07/2025
Action Cleaner Refill…,RM10.85,9%,https://shopee.com.my/image_not_available.jpg,6/07/2025
Milk 189g,RM4.90,11%,https://shopee.com.my/image_not_available.jpg,6/07/2025
Clip Car Air Freshener -…,RM11.00,31%,https://shopee.com.my/image_not_available.jpg,6/07/2025
Cleaner Lavender &…,RM12.15,30%,https://shopee.com.my/image_not_available.jpg,6/07/2025
Soft Hair Shampoo…,RM9.75,12%,https://shopee.com.my/image_not_available.jpg,6/07/2025
,RM23.42,,https://shopee.com.my/image_not_available.jpg,6/07/2025
Sea Shipping,RM6.00,,https://shopee.com.my/image_not_available.jpg,6/07/2025
Sea Shipping,RM17.99,,https://shopee.com.my/image_not_available.jpg,6/07/2025
COD,RM5.39,,https://shopee.com.my/image_not_available.jpg,6/07/2025
COD,RM25.01,,https://shopee.com.my/image_not_available.jpg,6/07/2025
𝗜𝗻𝘀𝘁𝗮𝗻𝘁 𝟯𝗶𝗻𝟭 Premix Teh…,RM17.39,18%,https://shopee.com.my/image_not_available.jpg,6/07/2025
Detergent Stain Buster…,RM20.29,42%,https://shopee.com.my/image_not_available.jpg,6/07/2025
2in1 Ice Choco Hazelnut…,RM8.90,23%,https://shopee.com.my/image_not_available.jpg,6/07/2025
Chocolate Cup 53g,RM3.90,43%,https://shopee.com.my/image_not_available.jpg,6/07/2025
Concentrate Fabric…,RM24.60,,https://shopee.com.my/image_not_available.jpg,6/07/2025
Price Range,RM MIN,,https://shopee.com.my/image_not_available.jpg,6/07/2025
RM MIN,RM MAX,,https://shopee.com.my/image_not_available.jpg,6/07/2025
Gum Health Care Extra…,RM21.04,25%,https://shopee.com.my/image_not_available.jpg,6/07/2025
Tissue Soft Pack Limited…,RM10.90,16%,https://shopee.com.my/image_not_available.jpg,6/07/2025
Calbee - Smoky BBQ (60g),RM2.79,34%,https://shopee.com.my/image_not_available.jpg,6/07/2025
Mustard 100% Natural Fs…,RM10.70,22%,https://shopee.com.my/image_not_available.jpg,6/07/2025
Lizard Repellent 500ml,RM20.59,23%,https://shopee.com.my/image_not_available.jpg,6/07/2025
,RM3.35,,https://shopee.com.my/image_not_available.jpg,6/07/2025
Sea Shipping,RM13.29,,https://shopee.com.my/image_not_available.jpg,6/07/2025
Sea Shipping,RM2.90,,https://shopee.com.my/image_not_available.jpg,6/07/2025
COD,RM16.15,,https://shopee.com.my/image_not_available.jpg,6/07/2025
COD,RM999.00,,https://shopee.com.my/image_not_available.jpg,6/07/2025
Blast Water Flosser - Teal…,RM211.57,29%,https://shopee.com.my/image_not_available.jpg,6/07/2025
Cashew Nuts Mixed…,RM14.49,15%,https://shopee.com.my/image_not_available.jpg,6/07/2025
Mango Jumbo (700ml),RM13.99,26%,https://shopee.com.my/image_not_available.jpg,6/07/2025
Mushroom 16.8g,RM4.65,13%,https://shopee.com.my/image_not_available.jpg,6/07/2025
MY Stax Sour Cream &…,RM5.75,15%,https://shopee.com.my/image_not_available.jpg,6/07/2025
Price Range,RM MIN,,https://shopee.com.my/image_not_available.jpg,6/07/2025
RM MIN,RM MAX,,https://shopee.com.my/image_not_available.jpg,6/07/2025
Mochi Hada Shower…,RM18.29,24%,https://shopee.com.my/image_not_available.jpg,6/07/2025
Instant Robust Tea Taste…,RM17.39,18%,https://shopee.com.my/image_not_available.jpg,6/07/2025
Milk + Rice Lotion 500ml,RM21.25,27%,https://shopee.com.my/image_not_available.jpg,6/07/2025
Oriental Instant Soup…,RM5.50,15%,https://shopee.com.my/image_not_available.jpg,6/07/2025
Carefree Ultra Thin…,RM11.34,16%,https://shopee.com.my/image_not_available.jpg,6/07/2025
,RM8.10,,https://shopee.com.my/image_not_available.jpg,6/07/2025
Sea Shipping,RM7.38,,https://shopee.com.my/image_not_available.jpg,6/07/2025
Sea Shipping,RM21.08,,https://shopee.com.my/image_not_available.jpg,6/07/2025
Sea Shipping,RM18.07,,https://shopee.com.my/image_not_available.jpg,6/07/2025
Sea Shipping,RM27.53,,https://shopee.com.my/image_not_available.jpg,6/07/2025
Instant Mix Tea 750g,RM23.05,8%,https://shopee.com.my/image_not_available.jpg,6/07/2025
Spirals 500g,RM4.80,8%,https://shopee.com.my/image_not_available.jpg,6/07/2025
Ikan Bilis 6 Cubes,RM2.70,14%,https://shopee.com.my/image_not_available.jpg,6/07/2025
Ginger Beer Diet 375ml x…,RM22.99,15%,https://shopee.com.my/image_not_available.jpg,6/07/2025
Moisturising Lotion…,RM29.60,34%,https://shopee.com.my/image_not_available.jpg,6/07/2025
Price Range,RM MIN,,https://shopee.com.my/image_not_available.jpg,6/07/2025
RM MIN,RM MAX,,https://shopee.com.my/image_not_available.jpg,6/07/2025
Premium Pants Leak Pro…,RM54.80,20%,https://shopee.com.my/image_not_available.jpg,6/07/2025
MY Stax BBQ 135g,RM5.80,15%,https://shopee.com.my/image_not_available.jpg,6/07/2025
Truffle 170g,RM12.05,17%,https://shopee.com.my/image_not_available.jpg,6/07/2025
Gentle Clean Alcohol Fre…,RM15.11,31%,https://shopee.com.my/image_not_available.jpg,6/07/2025
Free 4 Cans) NESCAFE…,RM60.64,16%,https://shopee.com.my/image_not_available.jpg,6/07/2025
,RM8.04,,https://shopee.com.my/image_not_available.jpg,6/07/2025
COD,RM24.63,,https://shopee.com.my/image_not_available.jpg,6/07/2025
Sea Shipping,RM6.70,,https://shopee.com.my/image_not_available.jpg,6/07/2025
Sea Shipping,RM5.45,,https://shopee.com.my/image_not_available.jpg,6/07/2025
COD,RM164.40,,https://shopee.com.my/image_not_available.jpg,6/07/2025
Resealable Chewy Mints…,RM2.80,20%,https://shopee.com.my/image_not_available.jpg,6/07/2025
DrySkin Marshmallow…,RM24.87,11%,https://shopee.com.my/image_not_available.jpg,6/07/2025
Ambi Pur Room Fresh Air…,RM15.60,22%,https://shopee.com.my/image_not_available.jpg,6/07/2025
Tissue Limited Edition…,RM6.00,21%,https://shopee.com.my/image_not_available.jpg,6/07/2025
Luxurious Soft Pack 3ply…,RM13.37,16%,https://shopee.com.my/image_not_available.jpg,6/07/2025
Price Range,RM MIN,,https://shopee.com.my/image_not_available.jpg,6/07/2025
RM MIN,RM MAX,,https://shopee.com.my/image_not_available.jpg,6/07/2025
Bleach Fabric Stain…,RM8.19,23%,https://shopee.com.my/image_not_available.jpg,6/07/2025
Vinda Prestige 4D Deco…,RM9.00,28%,https://shopee.com.my/image_not_available.jpg,6/07/2025
Anti-Bacterial Fabric…,RM7.14,11%,https://shopee.com.my/image_not_available.jpg,6/07/2025
3in1 Malt Barley Activ-Go…,RM15.05,21%,https://shopee.com.my/image_not_available.jpg,6/07/2025
Powder Laundry Deterge…,RM26.29,26%,https://shopee.com.my/image_not_available.jpg,6/07/2025
,RM49.65,,https://shopee.com.my/image_not_available.jpg,6/07/2025
COD,RM35.25,,https://shopee.com.my/image_not_available.jpg,6/07/2025
COD,RM8.69,,https://shopee.com.my/image_not_available.jpg,6/07/2025
Sea Shipping,RM6.90,,https://shopee.com.my/image_not_available.jpg,6/07/2025
Sea Shipping,RM7.43,,https://shopee.com.my/image_not_available.jpg,6/07/2025
𝗝𝘂𝗺𝗯𝗼 𝗣𝗮𝗰𝗸 Day&Night…,RM28.90,15%,https://shopee.com.my/image_not_available.jpg,6/07/2025
MentholEucalyptus Clove…,RM2.00,31%,https://shopee.com.my/image_not_available.jpg,6/07/2025
Peony & Berry Bliss Start…,RM24.39,24%,https://shopee.com.my/image_not_available.jpg,6/07/2025
Clear Stuffy Nose With…,RM6.08,32%,https://shopee.com.my/image_not_available.jpg,6/07/2025
𝗦𝗮𝗹𝘁𝗲𝗱 𝗣𝗲𝗮𝗻𝘂𝘁𝘀 365g,RM9.09,18%,https://shopee.com.my/image_not_available.jpg,6/07/2025
Price Range,RM MIN,,https://shopee.com.my/image_not_available.jpg,6/07/2025
RM MIN,RM MAX,,https://shopee.com.my/image_not_available.jpg,6/07/2025
Fresh Romantic Rose Air…,RM5.30,32%,https://shopee.com.my/image_not_available.jpg,6/07/2025
Crisps Original 134g,RM8.00,6%,https://shopee.com.my/image_not_available.jpg,6/07/2025
Pack Bag Fruit (36s) 97.2g,RM3.40,6%,https://shopee.com.my/image_not_available.jpg,6/07/2025
Merries Super Premium…,RM54.80,20%,https://shopee.com.my/image_not_available.jpg,6/07/2025
Plaque Release Reviving…,RM15.87,16%,https://shopee.com.my/image_not_available.jpg,6/07/2025
,RM6.59,,https://shopee.com.my/image_not_available.jpg,6/07/2025
COD,RM1.59,,https://shopee.com.my/image_not_available.jpg,6/07/2025
Sea Shipping,RM3.87,,https://shopee.com.my/image_not_available.jpg,6/07/2025
Sea Shipping,RM5.45,,https://shopee.com.my/image_not_available.jpg,6/07/2025
Sea Shipping,RM2.99,,https://shopee.com.my/image_not_available.jpg,6/07/2025
1 White Coffee Tarik…,RM11.40,36%,https://shopee.com.my/image_not_available.jpg,6/07/2025
Kotex Herbal Cool Panty…,RM13.90,23%,https://shopee.com.my/image_not_available.jpg,6/07/2025
Crackers (343g),RM4.00,15%,https://shopee.com.my/image_not_available.jpg,6/07/2025
Boost Yellow label loose…,RM6.27,5%,https://shopee.com.my/image_not_available.jpg,6/07/2025
Oven Roasted Almonds…,RM13.49,16%,https://shopee.com.my/image_not_available.jpg,6/07/2025
Price Range,RM MIN,,https://shopee.com.my/image_not_available.jpg,6/07/2025
RM MIN,RM MAX,,https://shopee.com.my/image_not_available.jpg,6/07/2025
Cane Sugar Syrup 700ml,RM31.65,16%,https://shopee.com.my/image_not_available.jpg,6/07/2025
AMORE Butter Cookies…,RM5.22,20%,https://shopee.com.my/image_not_available.jpg,6/07/2025
Pantyliner 100s,RM14.69,13%,https://shopee.com.my/image_not_available.jpg,6/07/2025
Dishwashing Paste Lime…,RM4.16,18%,https://shopee.com.my/image_not_available.jpg,6/07/2025
Light Perfecting Cream…,RM38.99,30%,https://shopee.com.my/image_not_available.jpg,6/07/2025
,RM9.00,,https://shopee.com.my/image_not_available.jpg,6/07/2025
Sea Shipping,RM6.63,,https://shopee.com.my/image_not_available.jpg,6/07/2025
Sea Shipping,RM19.00,,https://shopee.com.my/image_not_available.jpg,6/07/2025
Sea Shipping,RM2.55,,https://shopee.com.my/image_not_available.jpg,6/07/2025
Sea Shipping,RM13.50,,https://shopee.com.my/image_not_available.jpg,6/07/2025
Sauce No Artificial…,RM5.40,9%,https://shopee.com.my/image_not_available.jpg,6/07/2025
Oxi Action Stain Remover…,RM13.59,12%,https://shopee.com.my/image_not_available.jpg,6/07/2025
Pomegranate & Yuzu…,RM6.63,8%,https://shopee.com.my/image_not_available.jpg,6/07/2025
Concentrate Less Sweet…,RM13.30,15%,https://shopee.com.my/image_not_available.jpg,6/07/2025
Origins Cap Colombia Ja…,RM28.64,11%,https://shopee.com.my/image_not_available.jpg,6/07/2025
Lemonade 375ml x 4s,RM20.99,22%,https://shopee.com.my/image_not_available.jpg,6/07/2025
Chicken Cheese Ramen…,RM23.65,19%,https://shopee.com.my/image_not_available.jpg,6/07/2025
Cili Ala Kampung 89g x 5…,RM7.30,8%,https://shopee.com.my/image_not_available.jpg,6/07/2025
Mate Pouch 450g (Halal),RM9.90,1%,https://shopee.com.my/image_not_available.jpg,6/07/2025
NESCAFE Gold Refill 170…,RM55.41,24%,https://shopee.com.my/image_not_available.jpg,6/07/2025
,RM5.20,,https://shopee.com.my/image_not_available.jpg,6/07/2025
COD,RM8.85,,https://shopee.com.my/image_not_available.jpg,6/07/2025
COD,RM54.74,,https://shopee.com.my/image_not_available.jpg,6/07/2025
COD,RM23.59,,https://shopee.com.my/image_not_available.jpg,6/07/2025
Sea Shipping,RM23.65,,https://shopee.com.my/image_not_available.jpg,6/07/2025
1 Teh Tarik Traditional…,RM13.00,27%,https://shopee.com.my/image_not_available.jpg,6/07/2025
Decaf Decaffeinated Jar…,RM25.63,12%,https://shopee.com.my/image_not_available.jpg,6/07/2025
Caffe Latte 18g x 4s…,RM11.34,14%,https://shopee.com.my/image_not_available.jpg,6/07/2025
3in1 Honey 28g x 14s…,RM10.47,23%,https://shopee.com.my/image_not_available.jpg,6/07/2025
Instant Lasagna 250g,RM5.10,9%,https://shopee.com.my/image_not_available.jpg,6/07/2025
Price Range,RM MIN,,https://shopee.com.my/image_not_available.jpg,6/07/2025
RM MIN,RM MAX,,https://shopee.com.my/image_not_available.jpg,6/07/2025
Instant Oats 450g,RM6.59,30%,https://shopee.com.my/image_not_available.jpg,6/07/2025
Shoulders Shampoo Anti…,RM25.43,32%,https://shopee.com.my/image_not_available.jpg,6/07/2025
Vegeroni Spirals 375g,RM4.80,8%,https://shopee.com.my/image_not_available.jpg,6/07/2025
Milk + Rice Bath Refill…,RM16.24,30%,https://shopee.com.my/image_not_available.jpg,6/07/2025
Gift 𝗦𝗲𝗲𝗱𝗹𝗲𝘀𝘀 Dried Plum…,RM3.89,14%,https://shopee.com.my/image_not_available.jpg,6/07/2025
,RM3.75,,https://shopee.com.my/image_not_available.jpg,6/07/2025
Sea Shipping,RM18.10,,https://shopee.com.my/image_not_available.jpg,6/07/2025
Sea Shipping,RM26.28,,https://shopee.com.my/image_not_available.jpg,6/07/2025
Sea Shipping,RM23.16,,https://shopee.com.my/image_not_available.jpg,6/07/2025
Sea Shipping,RM2.55,,https://shopee.com.my/image_not_available.jpg,6/07/2025
Krunch Cereal 70g (Halal),RM3.19,1%,https://shopee.com.my/image_not_available.jpg,6/07/2025
Surface Cleaner…,RM8.39,33%,https://shopee.com.my/image_not_available.jpg,6/07/2025
Care Mild Taste…,RM10.65,25%,https://shopee.com.my/image_not_available.jpg,6/07/2025
Clean - Normal/Heavy Da…,RM22.30,23%,https://shopee.com.my/image_not_available.jpg,6/07/2025
Potato Chips Extra Bbq…,RM2.95,16%,https://shopee.com.my/image_not_available.jpg,6/07/2025
Price Range,RM MIN,,https://shopee.com.my/image_not_available.jpg,6/07/2025
RM MIN,RM MAX,,https://shopee.com.my/image_not_available.jpg,6/07/2025
Tea Selection,RM15.60,,https://shopee.com.my/image_not_available.jpg,6/07/2025
in 1 Earl Grey 12s,RM17.55,4%,https://shopee.com.my/image_not_available.jpg,6/07/2025
Sauce 340g (Halal),RM5.44,9%,https://shopee.com.my/image_not_available.jpg,6/07/2025
𝗧𝗲𝗮 𝗠𝗶𝘅 Pack 20g x 30s,RM15.05,8%,https://shopee.com.my/image_not_available.jpg,6/07/2025
LessGrease Original 102g,RM6.90,7%,https://shopee.com.my/image_not_available.jpg,6/07/2025
,RM12.30,,https://shopee.com.my/image_not_available.jpg,6/07/2025
COD,RM19.11,,https://shopee.com.my/image_not_available.jpg,6/07/2025
COD,RM10.87,,https://shopee.com.my/image_not_available.jpg,6/07/2025
Sea Shipping,RM18.09,,https://shopee.com.my/image_not_available.jpg,6/07/2025
COD,RM10.25,,https://shopee.com.my/image_not_available.jpg,6/07/2025
Gel Instant Cool 950ml,RM21.74,11%,https://shopee.com.my/image_not_available.jpg,6/07/2025
Original 135g,RM6.40,6%,https://shopee.com.my/image_not_available.jpg,6/07/2025
Salted Broad Bean w/o…,RM9.09,18%,https://shopee.com.my/image_not_available.jpg,6/07/2025
90g,RM6.10,6%,https://shopee.com.my/image_not_available.jpg,6/07/2025
Naturel Protection Body…,RM10.09,37%,https://shopee.com.my/image_not_available.jpg,6/07/2025
Price Range,RM MIN,,https://shopee.com.my/image_not_available.jpg,6/07/2025
RM MIN,RM MAX,,https://shopee.com.my/image_not_available.jpg,6/07/2025
Sauce 500g (Halal),RM6.53,17%,https://shopee.com.my/image_not_available.jpg,6/07/2025
Shampoo Silky Smooth…,RM24.68,34%,https://shopee.com.my/image_not_available.jpg,6/07/2025
Hydration Cherry Blosso…,RM39.74,28%,https://shopee.com.my/image_not_available.jpg,6/07/2025
Silicone/Paraben/Mineral…,RM14.24,20%,https://shopee.com.my/image_not_available.jpg,6/07/2025
Margarine (240g),RM4.64,24%,https://shopee.com.my/image_not_available.jpg,6/07/2025
,RM5.45,,https://shopee.com.my/image_not_available.jpg,6/07/2025
COD,RM9.30,,https://shopee.com.my/image_not_available.jpg,6/07/2025
Sea Shipping,RM5.30,,https://shopee.com.my/image_not_available.jpg,6/07/2025
Sea Shipping,RM3.57,,https://shopee.com.my/image_not_available.jpg,6/07/2025
COD,RM9.70,,https://shopee.com.my/image_not_available.jpg,6/07/2025
Krunch Cookies 70g…,RM3.05,5%,https://shopee.com.my/image_not_available.jpg,6/07/2025
Oral-B Essential Floss…,RM15.71,33%,https://shopee.com.my/image_not_available.jpg,6/07/2025
Steam Eye Mask -…,RM18.00,20%,https://shopee.com.my/image_not_available.jpg,6/07/2025
Hair & Body Wash Yoghu…,RM18.59,10%,https://shopee.com.my/image_not_available.jpg,6/07/2025
UV Shower Cream -…,RM10.09,22%,https://shopee.com.my/image_not_available.jpg,6/07/2025
Price Range,RM MIN,,https://shopee.com.my/image_not_available.jpg,6/07/2025
RM MIN,RM MAX,,https://shopee.com.my/image_not_available.jpg,6/07/2025
Cocktail Nuts 115g,RM10.49,5%,https://shopee.com.my/image_not_available.jpg,6/07/2025
Anti-Hairfall Shampoo…,RM19.88,25%,https://shopee.com.my/image_not_available.jpg,6/07/2025
Naturel Protection…,RM10.09,37%,https://shopee.com.my/image_not_available.jpg,6/07/2025
Cameron Highlands 500g,RM12.40,4%,https://shopee.com.my/image_not_available.jpg,6/07/2025
Original Cream Crackers…,RM5.00,18%,https://shopee.com.my/image_not_available.jpg,6/07/2025
,RM9.50,,https://shopee.com.my/image_not_available.jpg,6/07/2025
Sea Shipping,RM12.75,,https://shopee.com.my/image_not_available.jpg,6/07/2025
Sea Shipping,RM11.20,,https://shopee.com.my/image_not_available.jpg,6/07/2025
Sea Shipping,RM25.43,,https://shopee.com.my/image_not_available.jpg,6/07/2025
Sea Shipping,RM7.94,,https://shopee.com.my/image_not_available.jpg,6/07/2025
Teh Tarik Cup 72g,RM4.90,29%,https://shopee.com.my/image_not_available.jpg,6/07/2025
Fresh Air Refreshing Gel -…,RM7.95,24%,https://shopee.com.my/image_not_available.jpg,6/07/2025
Gel Body Wash Skin Care…,RM21.74,11%,https://shopee.com.my/image_not_available.jpg,6/07/2025
Antibacterial Disinfectant…,RM11.04,30%,https://shopee.com.my/image_not_available.jpg,6/07/2025
Laundry Detergent…,RM22.55,31%,https://shopee.com.my/image_not_available.jpg,6/07/2025
Price Range,RM MIN,,https://shopee.com.my/image_not_available.jpg,6/07/2025
RM MIN,RM MAX,,https://shopee.com.my/image_not_available.jpg,6/07/2025
Bud 400 Tips,RM4.79,19%,https://shopee.com.my/image_not_available.jpg,6/07/2025
Powder 120g,RM5.70,3%,https://shopee.com.my/image_not_available.jpg,6/07/2025
Aloe Vera Dishwash Liqui…,RM9.45,8%,https://shopee.com.my/image_not_available.jpg,6/07/2025
Duty Garbage Bags L x 10s,RM3.89,22%,https://shopee.com.my/image_not_available.jpg,6/07/2025
Disposable Razor Long…,RM8.18,33%,https://shopee.com.my/image_not_available.jpg,6/07/2025
,RM4.90,,https://shopee.com.my/image_not_available.jpg,6/07/2025
COD,RM11.93,,https://shopee.com.my/image_not_available.jpg,6/07/2025
Sea Shipping,RM20.53,,https://shopee.com.my/image_not_available.jpg,6/07/2025
Sea Shipping,RM9.55,,https://shopee.com.my/image_not_available.jpg,6/07/2025
COD,RM13.50,,https://shopee.com.my/image_not_available.jpg,6/07/2025
Resistant Essential Floss…,RM8.21,33%,https://shopee.com.my/image_not_available.jpg,6/07/2025
Deodorant Perfume Body…,RM9.89,30%,https://shopee.com.my/image_not_available.jpg,6/07/2025
Peach & Passion Fruit 20tb,RM11.95,16%,https://shopee.com.my/image_not_available.jpg,6/07/2025
Junior Kids FoodGrade…,RM8.70,,https://shopee.com.my/image_not_available.jpg,6/07/2025
Kids Toothpaste Orange (…,RM2.55,42%,https://shopee.com.my/image_not_available.jpg,6/07/2025
Price Range,RM MIN,,https://shopee.com.my/image_not_available.jpg,6/07/2025
RM MIN,RM MAX,,https://shopee.com.my/image_not_available.jpg,6/07/2025
Laundry Detergent And…,RM10.95,21%,https://shopee.com.my/image_not_available.jpg,6/07/2025
𝗚𝗿𝗲𝗲𝗻 𝗧𝗲𝗮 100tb,RM18.50,21%,https://shopee.com.my/image_not_available.jpg,6/07/2025
Choco More Sandwich…,RM3.80,10%,https://shopee.com.my/image_not_available.jpg,6/07/2025
Baby Milk + Oats Bath…,RM19.32,31%,https://shopee.com.my/image_not_available.jpg,6/07/2025
Parfum Collection 370ml,RM5.77,34%,https://shopee.com.my/image_not_available.jpg,6/07/2025
,RM23.50,,https://shopee.com.my/image_not_available.jpg,6/07/2025
Sea Shipping,RM8.64,,https://shopee.com.my/image_not_available.jpg,6/07/2025
COD,RM3.20,,https://shopee.com.my/image_not_available.jpg,6/07/2025
Sea Shipping,RM17.43,,https://shopee.com.my/image_not_available.jpg,6/07/2025
Sea Shipping,RM2.55,,https://shopee.com.my/image_not_available.jpg,6/07/2025
Women Daisy Ultragrip…,RM4.88,25%,https://shopee.com.my/image_not_available.jpg,6/07/2025
Vinda Deluxe Soft Pack…,RM10.35,28%,https://shopee.com.my/image_not_available.jpg,6/07/2025
Hair Fall Control Shampo…,RM26.90,,https://shopee.com.my/image_not_available.jpg,6/07/2025
Huggies Baby Wipes Cle…,RM12.90,9%,https://shopee.com.my/image_not_available.jpg,6/07/2025
Bacterial Fabric Refreshe…,RM9.90,29%,https://shopee.com.my/image_not_available.jpg,6/07/2025
Price Range,RM MIN,,https://shopee.com.my/image_not_available.jpg,6/07/2025
RM MIN,RM MAX,,https://shopee.com.my/image_not_available.jpg,6/07/2025
Non Wing…,RM7.90,11%,https://shopee.com.my/image_not_available.jpg,6/07/2025
Chilli Sauce 500g (Halal),RM5.58,7%,https://shopee.com.my/image_not_available.jpg,6/07/2025
Improved Recipe Dutch…,RM4.59,17%,https://shopee.com.my/image_not_available.jpg,6/07/2025
Boost Glucose Drink…,RM18.11,9%,https://shopee.com.my/image_not_available.jpg,6/07/2025
Tiger Toothpaste 40g,RM2.55,29%,https://shopee.com.my/image_not_available.jpg,6/07/2025
,RM13.90,,https://shopee.com.my/image_not_available.jpg,6/07/2025
COD,RM3.38,,https://shopee.com.my/image_not_available.jpg,6/07/2025
Sea Shipping,RM14.99,,https://shopee.com.my/image_not_available.jpg,6/07/2025
Sea Shipping,RM6.71,,https://shopee.com.my/image_not_available.jpg,6/07/2025
COD,RM10.17,,https://shopee.com.my/image_not_available.jpg,6/07/2025
Clean Regular Head…,RM9.09,45%,https://shopee.com.my/image_not_available.jpg,6/07/2025
TartarControl Dental Flos…,RM7.62,15%,https://shopee.com.my/image_not_available.jpg,6/07/2025
Salted Peanut 40g,RM1.49,7%,https://shopee.com.my/image_not_available.jpg,6/07/2025
Coffee 36g x 15s (Halal),RM16.00,22%,https://shopee.com.my/image_not_available.jpg,6/07/2025
Fragrance Liquid Lavend…,RM8.96,,https://shopee.com.my/image_not_available.jpg,6/07/2025
Price Range,RM MIN,,https://shopee.com.my/image_not_available.jpg,6/07/2025
RM MIN,RM MAX,,https://shopee.com.my/image_not_available.jpg,6/07/2025
Sticks 50s,RM9.70,8%,https://shopee.com.my/image_not_available.jpg,6/07/2025
Original 1.5L,RM3.65,11%,https://shopee.com.my/image_not_available.jpg,6/07/2025
Collection Fabric…,RM16.35,33%,https://shopee.com.my/image_not_available.jpg,6/07/2025
Lemon 700g,RM6.68,10%,https://shopee.com.my/image_not_available.jpg,6/07/2025
Oven Roasted Salted…,RM13.49,16%,https://shopee.com.my/image_not_available.jpg,6/07/2025
,RM8.01,,https://shopee.com.my/image_not_available.jpg,6/07/2025
Sea Shipping,RM5.89,,https://shopee.com.my/image_not_available.jpg,6/07/2025
Sea Shipping,RM7.90,,https://shopee.com.my/image_not_available.jpg,6/07/2025
COD,RM10.36,,https://shopee.com.my/image_not_available.jpg,6/07/2025
COD,RM9.72,,https://shopee.com.my/image_not_available.jpg,6/07/2025
BBQ 65g (CN),RM3.95,6%,https://shopee.com.my/image_not_available.jpg,6/07/2025
"Remover Pink Oxi Action,…",RM34.05,15%,https://shopee.com.my/image_not_available.jpg,6/07/2025
Cotton 𝟭𝟲𝟬𝘀,RM5.39,21%,https://shopee.com.my/image_not_available.jpg,6/07/2025
Lotion 500ml,RM19.73,27%,https://shopee.com.my/image_not_available.jpg,6/07/2025
Sitrus Powder Detergent…,RM16.39,29%,https://shopee.com.my/image_not_available.jpg,6/07/2025
Price Range,RM MIN,,https://shopee.com.my/image_not_available.jpg,6/07/2025
RM MIN,RM MAX,,https://shopee.com.my/image_not_available.jpg,6/07/2025
Shoulders Shampoo Zinc…,RM25.43,32%,https://shopee.com.my/image_not_available.jpg,6/07/2025
Lemon Flavoured Cream…,RM3.80,10%,https://shopee.com.my/image_not_available.jpg,6/07/2025
Huhu 36cm Maximum All…,RM5.78,28%,https://shopee.com.my/image_not_available.jpg,6/07/2025
Gel Instant Cool Odour…,RM13.42,5%,https://shopee.com.my/image_not_available.jpg,6/07/2025
Shampoo 𝗦𝗺𝗼𝗼𝘁𝗵 𝗔𝗻𝗱…,RM18.79,10%,https://shopee.com.my/image_not_available.jpg,6/07/2025
,RM2.33,,https://shopee.com.my/image_not_available.jpg,6/07/2025
Sea Shipping,RM4.16,,https://shopee.com.my/image_not_available.jpg,6/07/2025
COD,RM35.90,,https://shopee.com.my/image_not_available.jpg,6/07/2025
COD,RM6.39,,https://shopee.com.my/image_not_available.jpg,6/07/2025
Sea Shipping,RM8.04,,https://shopee.com.my/image_not_available.jpg,6/07/2025
Disinfecting Bleach…,RM8.30,6%,https://shopee.com.my/image_not_available.jpg,6/07/2025
Powder Super Color 2.1kg,RM13.37,35%,https://shopee.com.my/image_not_available.jpg,6/07/2025
Pack Menthol Mint 2.7g x…,RM25.85,8%,https://shopee.com.my/image_not_available.jpg,6/07/2025
Pewangi Detergent…,RM16.48,20%,https://shopee.com.my/image_not_available.jpg,6/07/2025
Powder Blooming…,RM22.88,31%,https://shopee.com.my/image_not_available.jpg,6/07/2025
Price Range,RM MIN,,https://shopee.com.my/image_not_available.jpg,6/07/2025
RM MIN,RM MAX,,https://shopee.com.my/image_not_available.jpg,6/07/2025
Concentrate Fabric…,RM6.56,21%,https://shopee.com.my/image_not_available.jpg,6/07/2025
2-4 Years Old Mickey &…,RM4.46,34%,https://shopee.com.my/image_not_available.jpg,6/07/2025
Comfort Procomfort…,RM23.29,14%,https://shopee.com.my/image_not_available.jpg,6/07/2025
Green Tea 2g x 20s,RM8.90,9%,https://shopee.com.my/image_not_available.jpg,6/07/2025
Protection Overnight Win…,RM12.50,26%,https://shopee.com.my/image_not_available.jpg,6/07/2025
,RM4.63,,https://shopee.com.my/image_not_available.jpg,6/07/2025
COD,RM11.40,,https://shopee.com.my/image_not_available.jpg,6/07/2025
Sea Shipping,RM26.50,,https://shopee.com.my/image_not_available.jpg,6/07/2025
Sea Shipping,RM13.50,,https://shopee.com.my/image_not_available.jpg,6/07/2025
Sea Shipping,RM3.57,,https://shopee.com.my/image_not_available.jpg,6/07/2025
Spearmint 35g,RM4.65,30%,https://shopee.com.my/image_not_available.jpg,6/07/2025
Antimos Pants Baby…,RM35.50,,https://shopee.com.my/image_not_available.jpg,6/07/2025
bacterial Foaming Hand…,RM9.69,30%,https://shopee.com.my/image_not_available.jpg,6/07/2025
Chocolate Stripes Peanut…,RM14.90,,https://shopee.com.my/image_not_available.jpg,6/07/2025
Detergent Odour Buster…,RM10.75,28%,https://shopee.com.my/image_not_available.jpg,6/07/2025
Chestnuts 𝘄𝗶𝘁𝗵𝗼𝘂𝘁 𝗦𝗵𝗲𝗹𝗹…,RM10.49,15%,https://shopee.com.my/image_not_available.jpg,6/07/2025
Gel Body Wash Assorted…,RM25.00,29%,https://shopee.com.my/image_not_available.jpg,6/07/2025
Drink Regular 160g,RM3.00,17%,https://shopee.com.my/image_not_available.jpg,6/07/2025
Crackers 𝗖𝗿𝗲𝗮𝗺 𝗖𝗿𝗮𝗰𝗸𝗲𝗿…,RM5.20,19%,https://shopee.com.my/image_not_available.jpg,6/07/2025
JIGS - Cheesy Cheese…,RM2.20,19%,https://shopee.com.my/image_not_available.jpg,6/07/2025
,RM9.80,,https://shopee.com.my/image_not_available.jpg,6/07/2025
COD,RM14.17,,https://shopee.com.my/image_not_available.jpg,6/07/2025
Sea Shipping,RM19.09,,https://shopee.com.my/image_not_available.jpg,6/07/2025
COD,RM3.83,,https://shopee.com.my/image_not_available.jpg,6/07/2025
COD,RM3.09,,https://shopee.com.my/image_not_available.jpg,6/07/2025
Softergent Sakura Bloom…,RM11.20,12%,https://shopee.com.my/image_not_available.jpg,6/07/2025
𝗞𝗿𝘂𝗻𝗰𝗵 Biscuit - Cranberr…,RM10.60,16%,https://shopee.com.my/image_not_available.jpg,6/07/2025
Panties M-L/L-XL - Perio…,RM12.50,10%,https://shopee.com.my/image_not_available.jpg,6/07/2025
Biscuit Stick (33g),RM3.38,18%,https://shopee.com.my/image_not_available.jpg,6/07/2025
Honey Cashewnut 40g,RM3.57,15%,https://shopee.com.my/image_not_available.jpg,6/07/2025
𝗯𝗮𝗰𝘁𝗲𝗿𝗶𝗮𝗹 Foaming Hand…,RM6.78,29%,https://shopee.com.my/image_not_available.jpg,6/07/2025
Cashew Nuts Mixed…,RM3.57,15%,https://shopee.com.my/image_not_available.jpg,6/07/2025
Cup Chicken 57g x 6 Cup…,RM11.90,15%,https://shopee.com.my/image_not_available.jpg,6/07/2025
AFC Original 450g (Halal),RM8.30,10%,https://shopee.com.my/image_not_available.jpg,6/07/2025
Crackers (390g),RM4.90,20%,https://shopee.com.my/image_not_available.jpg,6/07/2025
,RM3.00,,https://shopee.com.my/image_not_available.jpg,6/07/2025
Sea Shipping,RM4.59,,https://shopee.com.my/image_not_available.jpg,6/07/2025
COD,RM6.05,,https://shopee.com.my/image_not_available.jpg,6/07/2025
COD,RM4.59,,https://shopee.com.my/image_not_available.jpg,6/07/2025
Sea Shipping,RM5.89,,https://shopee.com.my/image_not_available.jpg,6/07/2025
Butter Sandwich 360g,RM9.30,15%,https://shopee.com.my/image_not_available.jpg,6/07/2025
Plus UHT Plain Milk 200…,RM10.67,23%,https://shopee.com.my/image_not_available.jpg,6/07/2025
Toilet Roll 2ply 20 Roll x…,RM17.15,12%,https://shopee.com.my/image_not_available.jpg,6/07/2025
Coaster - BBQ (60g),RM2.20,19%,https://shopee.com.my/image_not_available.jpg,6/07/2025
Plus Cholesterol Lowerin…,RM46.55,10%,https://shopee.com.my/image_not_available.jpg,6/07/2025
Toothpaste Triple Cavity…,RM10.39,29%,https://shopee.com.my/image_not_available.jpg,6/07/2025
Laundry Detergent Super…,RM34.09,29%,https://shopee.com.my/image_not_available.jpg,6/07/2025
Plus Milk Powder Lower…,RM47.11,11%,https://shopee.com.my/image_not_available.jpg,6/07/2025
Floss Braces Cleaning…,RM9.63,34%,https://shopee.com.my/image_not_available.jpg,6/07/2025
Crackers 331g,RM4.00,15%,https://shopee.com.my/image_not_available.jpg,6/07/2025
,RM11.69,,https://shopee.com.my/image_not_available.jpg,6/07/2025
COD,RM8.64,,https://shopee.com.my/image_not_available.jpg,6/07/2025
COD,RM18.70,,https://shopee.com.my/image_not_available.jpg,6/07/2025
Sea Shipping,RM5.69,,https://shopee.com.my/image_not_available.jpg,6/07/2025
COD,RM9.00,,https://shopee.com.my/image_not_available.jpg,6/07/2025
Rich 18g x 25s (Halal),RM16.20,4%,https://shopee.com.my/image_not_available.jpg,6/07/2025
Guide Banana 36g,RM5.69,22%,https://shopee.com.my/image_not_available.jpg,6/07/2025
Sambal Tumis 30g (Halal),RM1.43,11%,https://shopee.com.my/image_not_available.jpg,6/07/2025
Pants Super Jumbo Pack…,RM31.09,8%,https://shopee.com.my/image_not_available.jpg,6/07/2025
Maccheroni 400g,RM2.90,8%,https://shopee.com.my/image_not_available.jpg,6/07/2025
Price Range,RM MIN,,https://shopee.com.my/image_not_available.jpg,6/07/2025
RM MIN,RM MAX,,https://shopee.com.my/image_not_available.jpg,6/07/2025
Gel Ocean Escape 180g x…,RM15.21,24%,https://shopee.com.my/image_not_available.jpg,6/07/2025
Collagen Repair & Smoot…,RM5.18,32%,https://shopee.com.my/image_not_available.jpg,6/07/2025
Letter Chocolate (705g),RM19.70,12%,https://shopee.com.my/image_not_available.jpg,6/07/2025
Herbs Pasta Sauce 290g,RM5.15,13%,https://shopee.com.my/image_not_available.jpg,6/07/2025
Giler Cheezy Berapi Bowl…,RM4.80,4%,https://shopee.com.my/image_not_available.jpg,6/07/2025
,RM23.89,,https://shopee.com.my/image_not_available.jpg,6/07/2025
COD,RM4.59,,https://shopee.com.my/image_not_available.jpg,6/07/2025
COD,RM4.60,,https://shopee.com.my/image_not_available.jpg,6/07/2025
Sea Shipping,RM16.51,,https://shopee.com.my/image_not_available.jpg,6/07/2025
Sea Shipping,RM36.75,,https://shopee.com.my/image_not_available.jpg,6/07/2025
Refreshing Mint 100ML,RM19.20,20%,https://shopee.com.my/image_not_available.jpg,6/07/2025
𝗝𝘂𝗺𝗯𝗼 (700ml),RM13.29,30%,https://shopee.com.my/image_not_available.jpg,6/07/2025
Double Chocolate…,RM6.15,15%,https://shopee.com.my/image_not_available.jpg,6/07/2025
Oil 300ml,RM14.93,21%,https://shopee.com.my/image_not_available.jpg,6/07/2025
Pink Guava & Strawberry…,RM13.99,26%,https://shopee.com.my/image_not_available.jpg,6/07/2025
Price Range,RM MIN,,https://shopee.com.my/image_not_available.jpg,6/07/2025
RM MIN,RM MAX,,https://shopee.com.my/image_not_available.jpg,6/07/2025
Hand Wash Refill Pouch…,RM6.68,7%,https://shopee.com.my/image_not_available.jpg,6/07/2025
Micro-Clean Tech With…,RM10.75,28%,https://shopee.com.my/image_not_available.jpg,6/07/2025
UltraThin Bristles Gentle…,RM11.00,29%,https://shopee.com.my/image_not_available.jpg,6/07/2025
Laundry Detergent Silky…,RM22.88,31%,https://shopee.com.my/image_not_available.jpg,6/07/2025
Fresh Berries Refill…,RM16.09,23%,https://shopee.com.my/image_not_available.jpg,6/07/2025
,RM3.65,,https://shopee.com.my/image_not_available.jpg,6/07/2025
COD,RM9.69,,https://shopee.com.my/image_not_available.jpg,6/07/2025
COD,RM27.10,,https://shopee.com.my/image_not_available.jpg,6/07/2025
Sea Shipping,RM16.72,,https://shopee.com.my/image_not_available.jpg,6/07/2025
Sea Shipping,RM20.29,,https://shopee.com.my/image_not_available.jpg,6/07/2025
Adult 50g,RM4.39,40%,https://shopee.com.my/image_not_available.jpg,6/07/2025
Cereal Bar 23.5g x 24s…,RM49.65,17%,https://shopee.com.my/image_not_available.jpg,6/07/2025
Loops Cereal 285g,RM14.95,7%,https://shopee.com.my/image_not_available.jpg,6/07/2025
Biscuit Stick 31g (1pack),RM1.69,23%,https://shopee.com.my/image_not_available.jpg,6/07/2025
Parfum Passion…,RM22.83,33%,https://shopee.com.my/image_not_available.jpg,6/07/2025
Price Range,RM MIN,,https://shopee.com.my/image_not_available.jpg,6/07/2025
RM MIN,RM MAX,,https://shopee.com.my/image_not_available.jpg,6/07/2025
Choco Coated Cream…,RM9.90,16%,https://shopee.com.my/image_not_available.jpg,6/07/2025
Koolfever Cooling Gel…,RM15.26,3%,https://shopee.com.my/image_not_available.jpg,6/07/2025
Drypants Double…,RM40.00,6%,https://shopee.com.my/image_not_available.jpg,6/07/2025
Gel Body Wash Assorted…,RM35.87,27%,https://shopee.com.my/image_not_available.jpg,6/07/2025
𝗖𝗵𝗮𝗺𝗯𝗲𝗿 2g x 100s,RM13.35,7%,https://shopee.com.my/image_not_available.jpg,6/07/2025
,RM44.87,,https://shopee.com.my/image_not_available.jpg,6/07/2025
COD,RM7.43,,https://shopee.com.my/image_not_available.jpg,6/07/2025
COD,RM10.40,,https://shopee.com.my/image_not_available.jpg,6/07/2025
Sea Shipping,RM15.26,,https://shopee.com.my/image_not_available.jpg,6/07/2025
COD,RM7.94,,https://shopee.com.my/image_not_available.jpg,6/07/2025
Krunch Cereal Bar 25g x …,RM8.64,4%,https://shopee.com.my/image_not_available.jpg,6/07/2025
Hand Wash Refill Pouch…,RM6.68,7%,https://shopee.com.my/image_not_available.jpg,6/07/2025
Chicken 103g x 5 Packs…,RM6.44,9%,https://shopee.com.my/image_not_available.jpg,6/07/2025
Creamy Latte 31g x 12s…,RM14.73,17%,https://shopee.com.my/image_not_available.jpg,6/07/2025
Mushroom 290g,RM5.15,13%,https://shopee.com.my/image_not_available.jpg,6/07/2025
Krunch Biscuit (390g),RM9.30,26%,https://shopee.com.my/image_not_available.jpg,6/07/2025
Rasa All-in-One Seasonin…,RM7.53,24%,https://shopee.com.my/image_not_available.jpg,6/07/2025
Rasa All-in-One Seasonin…,RM5.68,24%,https://shopee.com.my/image_not_available.jpg,6/07/2025
Cup Curry Flavor 58g x 6…,RM10.86,22%,https://shopee.com.my/image_not_available.jpg,6/07/2025
Classic Refill Pack 100g…,RM13.43,12%,https://shopee.com.my/image_not_available.jpg,6/07/2025
,RM3.09,,https://shopee.com.my/image_not_available.jpg,6/07/2025
,RM12.21,,https://shopee.com.my/image_not_available.jpg,6/07/2025
Sea,RM13.35,,https://shopee.com.my/image_not_available.jpg,6/07/2025
Sea,RM13.00,,https://shopee.com.my/image_not_available.jpg,6/07/2025
Sea,RM24.55,,https://shopee.com.my/image_not_available.jpg,6/07/2025
Dutch Lady UHT Milk Full…,RM23.59,11%,https://shopee.com.my/image_not_available.jpg,6/07/2025
Classic Refill Pack 300g…,RM33.67,12%,https://shopee.com.my/image_not_available.jpg,6/07/2025
Classic Decaf Water Dec…,RM19.68,11%,https://shopee.com.my/image_not_available.jpg,6/07/2025
Rasa All-in-One Seasonin…,RM2.89,22%,https://shopee.com.my/image_not_available.jpg,6/07/2025
Aroma Classic Refill Pac…,RM24.15,10%,https://shopee.com.my/image_not_available.jpg,6/07/2025
Cornflakes Cereal 500g…,RM11.74,21%,https://shopee.com.my/image_not_available.jpg,6/07/2025
EVERYDAY FMP Softpac…,RM42.14,20%,https://shopee.com.my/image_not_available.jpg,6/07/2025
Chicken Carbonara Rame…,RM23.65,19%,https://shopee.com.my/image_not_available.jpg,6/07/2025
Giler Ayam Bakar 76g x 5…,RM8.85,11%,https://shopee.com.my/image_not_available.jpg,6/07/2025
Concentrate Regular 2L,RM23.85,15%,https://shopee.com.my/image_not_available.jpg,6/07/2025
Family Pack,RM10.29,18%,https://shopee.com.my/image_not_available.jpg,6/07/2025
Drink Mixed Berries 125…,RM14.59,23%,https://shopee.com.my/image_not_available.jpg,6/07/2025
Plus Acticol Milk Powder…,RM41.16,22%,https://shopee.com.my/image_not_available.jpg,6/07/2025
Activ-Go HCL2.0 Energy…,RM20.84,15%,https://shopee.com.my/image_not_available.jpg,6/07/2025
NESTLE Milo Chocolate…,RM49.15,12%,https://shopee.com.my/image_not_available.jpg,6/07/2025
Price Range,RM MIN,,https://shopee.com.my/image_not_available.jpg,6/07/2025
RM MIN,RM MAX,,https://shopee.com.my/image_not_available.jpg,6/07/2025
Granola Oats Cranberry &…,RM16.86,8%,https://shopee.com.my/image_not_available.jpg,6/07/2025
Arabica & Robusta Jar…,RM43.57,12%,https://shopee.com.my/image_not_available.jpg,6/07/2025
Ambi Pur Fabric Refreshe…,RM10.70,23%,https://shopee.com.my/image_not_available.jpg,6/07/2025
Freshener Downy Room…,RM15.19,24%,https://shopee.com.my/image_not_available.jpg,6/07/2025
Korean Spicy Goreng 87g…,RM9.03,5%,https://shopee.com.my/image_not_available.jpg,6/07/2025
,RM10.18,,https://shopee.com.my/image_not_available.jpg,6/07/2025
,RM3.99,,https://shopee.com.my/image_not_available.jpg,6/07/2025
Sea,RM9.95,,https://shopee.com.my/image_not_available.jpg,6/07/2025
Sea,RM2.19,,https://shopee.com.my/image_not_available.jpg,6/07/2025
Sea,RM20.56,,https://shopee.com.my/image_not_available.jpg,6/07/2025
Sugar-Free 2 In 1 Coffee…,RM9.50,22%,https://shopee.com.my/image_not_available.jpg,6/07/2025
Drink Mixed Berries 125…,RM3.99,33%,https://shopee.com.my/image_not_available.jpg,6/07/2025
𝗯𝗮𝗰𝘁𝗲𝗿𝗶𝗮𝗹 Foaming Hand…,RM6.78,29%,https://shopee.com.my/image_not_available.jpg,6/07/2025
Syiok Tom Yam Kaw 96g…,RM3.65,21%,https://shopee.com.my/image_not_available.jpg,6/07/2025
Softener Blooming Garde…,RM6.64,10%,https://shopee.com.my/image_not_available.jpg,6/07/2025
Price Range,RM MIN,,https://shopee.com.my/image_not_available.jpg,6/07/2025
RM MIN,RM MAX,,https://shopee.com.my/image_not_available.jpg,6/07/2025
Awaken Mind Classic Jar…,RM14.55,20%,https://shopee.com.my/image_not_available.jpg,6/07/2025
Spaghetti 500G,RM6.78,20%,https://shopee.com.my/image_not_available.jpg,6/07/2025
Libresse Maxi Night Wing…,RM14.65,29%,https://shopee.com.my/image_not_available.jpg,6/07/2025
Revitalizing Cream…,RM11.70,31%,https://shopee.com.my/image_not_available.jpg,6/07/2025
Chicken Stock Cube 120…,RM5.37,11%,https://shopee.com.my/image_not_available.jpg,6/07/2025
,RM18.31,,https://shopee.com.my/image_not_available.jpg,6/07/2025
,RM5.38,,https://shopee.com.my/image_not_available.jpg,6/07/2025
Sea,RM11.85,,https://shopee.com.my/image_not_available.jpg,6/07/2025
,RM4.80,,https://shopee.com.my/image_not_available.jpg,6/07/2025
,RM8.69,,https://shopee.com.my/image_not_available.jpg,6/07/2025
Peanut & Raisin 70g,RM2.40,25%,https://shopee.com.my/image_not_available.jpg,6/07/2025
Cup Granola Mixed Berrie…,RM7.20,19%,https://shopee.com.my/image_not_available.jpg,6/07/2025
Elegant Blossom And Ou…,RM16.09,23%,https://shopee.com.my/image_not_available.jpg,6/07/2025
Cheese 290g,RM6.35,12%,https://shopee.com.my/image_not_available.jpg,6/07/2025
Sour Cream & Onion 102g,RM6.44,13%,https://shopee.com.my/image_not_available.jpg,6/07/2025
Price Range,RM MIN,,https://shopee.com.my/image_not_available.jpg,6/07/2025
RM MIN,RM MAX,,https://shopee.com.my/image_not_available.jpg,6/07/2025
White Exfoliating Mineral…,RM21.08,23%,https://shopee.com.my/image_not_available.jpg,6/07/2025
Detergent Brilliant White…,RM10.75,28%,https://shopee.com.my/image_not_available.jpg,6/07/2025
Arabica Jar 100g (Halal),RM24.98,10%,https://shopee.com.my/image_not_available.jpg,6/07/2025
Dishwashing Liquid Refill…,RM5.59,29%,https://shopee.com.my/image_not_available.jpg,6/07/2025
Low Cutting Force…,RM55.50,25%,https://shopee.com.my/image_not_available.jpg,6/07/2025
,RM2.20,,https://shopee.com.my/image_not_available.jpg,6/07/2025
,RM16.51,,https://shopee.com.my/image_not_available.jpg,6/07/2025
Sea,RM9.39,,https://shopee.com.my/image_not_available.jpg,6/07/2025
,RM3.90,,https://shopee.com.my/image_not_available.jpg,6/07/2025
Sea,RM11.40,,https://shopee.com.my/image_not_available.jpg,6/07/2025
TomYamKaw 88g x 5…,RM8.30,7%,https://shopee.com.my/image_not_available.jpg,6/07/2025
Embrace Green Razor 1…,RM42.50,,https://shopee.com.my/image_not_available.jpg,6/07/2025
Rolled Oats 800g,RM9.55,11%,https://shopee.com.my/image_not_available.jpg,6/07/2025
Skinguard Blade Refills 4s,RM45.20,30%,https://shopee.com.my/image_not_available.jpg,6/07/2025
Maximum Cavity…,RM20.47,12%,https://shopee.com.my/image_not_available.jpg,6/07/2025
80s,RM10.25,8%,https://shopee.com.my/image_not_available.jpg,6/07/2025
Instant 4in1 Double Oat…,RM9.01,20%,https://shopee.com.my/image_not_available.jpg,6/07/2025
𝗦𝗼𝘂𝗿 𝗖𝗿𝗲𝗮𝗺 & 𝗢𝗻𝗶𝗼𝗻…,RM3.20,9%,https://shopee.com.my/image_not_available.jpg,6/07/2025
Naturals Anti Dandruff…,RM9.55,18%,https://shopee.com.my/image_not_available.jpg,6/07/2025
Freshener Refreshing…,RM5.45,30%,https://shopee.com.my/image_not_available.jpg,6/07/2025
Libresse SecureFit…,RM15.00,27%,https://shopee.com.my/image_not_available.jpg,6/07/2025
Laundry Detergent Silky…,RM20.29,42%,https://shopee.com.my/image_not_available.jpg,6/07/2025
Cologne Happy Berries…,RM8.07,23%,https://shopee.com.my/image_not_available.jpg,6/07/2025
Kopitiam Smooth Roast…,RM16.69,20%,https://shopee.com.my/image_not_available.jpg,6/07/2025
Parfum Mystique…,RM22.83,33%,https://shopee.com.my/image_not_available.jpg,6/07/2025
Price Range,RM MIN,,https://shopee.com.my/image_not_available.jpg,6/07/2025
RM MIN,RM MAX,,https://shopee.com.my/image_not_available.jpg,6/07/2025
Arabica & Robusta 2 In 1…,RM13.00,27%,https://shopee.com.my/image_not_available.jpg,6/07/2025
Syiok Cili Ala Kampung…,RM3.55,23%,https://shopee.com.my/image_not_available.jpg,6/07/2025
Cook Mac & Cheese 70g,RM3.90,15%,https://shopee.com.my/image_not_available.jpg,6/07/2025
Declogger 500ml,RM13.27,21%,https://shopee.com.my/image_not_available.jpg,6/07/2025
Moisture Fresh 𝗙𝗹𝗼𝗿𝗮𝗹…,RM10.09,37%,https://shopee.com.my/image_not_available.jpg,6/07/2025
,RM9.25,,https://shopee.com.my/image_not_available.jpg,6/07/2025
,RM6.25,,https://shopee.com.my/image_not_available.jpg,6/07/2025
,RM7.99,,https://shopee.com.my/image_not_available.jpg,6/07/2025
,RM7.95,,https://shopee.com.my/image_not_available.jpg,6/07/2025
,RM14.65,,https://shopee.com.my/image_not_available.jpg,6/07/2025
Sensitive Pro Relief…,RM18.99,28%,https://shopee.com.my/image_not_available.jpg,6/07/2025
Strength Fabric Refresher…,RM18.40,23%,https://shopee.com.my/image_not_available.jpg,6/07/2025
Dishwashing Paste…,RM4.16,18%,https://shopee.com.my/image_not_available.jpg,6/07/2025
Honey Lemon 250ml x 6s,RM8.05,6%,https://shopee.com.my/image_not_available.jpg,6/07/2025
Tomato Sauce 415g,RM6.35,20%,https://shopee.com.my/image_not_available.jpg,6/07/2025
Price Range,RM MIN,,https://shopee.com.my/image_not_available.jpg,6/07/2025
RM MIN,RM MAX,,https://shopee.com.my/image_not_available.jpg,6/07/2025
Softener Luxurious Violet…,RM6.84,7%,https://shopee.com.my/image_not_available.jpg,6/07/2025
Tissue 2ply 200s x 4,RM17.09,11%,https://shopee.com.my/image_not_available.jpg,6/07/2025
NoArtificialColours Pasta…,RM10.35,19%,https://shopee.com.my/image_not_available.jpg,6/07/2025
«,RM67.99,10%,https://shopee.com.my/image_not_available.jpg,6/07/2025
Hours Relief Cold…,RM8.16,24%,https://shopee.com.my/image_not_available.jpg,6/07/2025
,RM19.90,,https://shopee.com.my/image_not_available.jpg,6/07/2025
Sea,RM8.80,,https://shopee.com.my/image_not_available.jpg,6/07/2025
,RM9.90,,https://shopee.com.my/image_not_available.jpg,6/07/2025
,RM26.69,,https://shopee.com.my/image_not_available.jpg,6/07/2025
,RM38.90,,https://shopee.com.my/image_not_available.jpg,6/07/2025
Tea 𝟯𝗶𝗻𝟭 White Milk Tea…,RM17.39,18%,https://shopee.com.my/image_not_available.jpg,6/07/2025
Fun Pack Cereal (130g x…,RM8.85,11%,https://shopee.com.my/image_not_available.jpg,6/07/2025
Chicken Quattro Cheese…,RM21.90,18%,https://shopee.com.my/image_not_available.jpg,6/07/2025
Chocolate Cappuccino…,RM6.50,27%,https://shopee.com.my/image_not_available.jpg,6/07/2025
Extra Pedas 395g,RM5.65,18%,https://shopee.com.my/image_not_available.jpg,6/07/2025
Price Range,RM MIN,,https://shopee.com.my/image_not_available.jpg,6/07/2025
RM MIN,RM MAX,,https://shopee.com.my/image_not_available.jpg,6/07/2025
Drink Mango 125ml x 20s,RM14.59,23%,https://shopee.com.my/image_not_available.jpg,6/07/2025
ROAST Indulgence Salted…,RM14.50,3%,https://shopee.com.my/image_not_available.jpg,6/07/2025
Cooling Gel Sheet For…,RM14.16,5%,https://shopee.com.my/image_not_available.jpg,6/07/2025
theraphy rosy balm 10g,RM14.00,22%,https://shopee.com.my/image_not_available.jpg,6/07/2025
Goreng Spicy'licious 86g …,RM4.89,25%,https://shopee.com.my/image_not_available.jpg,6/07/2025
,RM10.75,,https://shopee.com.my/image_not_available.jpg,6/07/2025
Sea,RM11.90,,https://shopee.com.my/image_not_available.jpg,6/07/2025
,RM22.95,,https://shopee.com.my/image_not_available.jpg,6/07/2025
Sea,RM5.39,,https://shopee.com.my/image_not_available.jpg,6/07/2025
Sea,RM7.99,,https://shopee.com.my/image_not_available.jpg,6/07/2025
𝗠𝗼𝗶𝘀𝘁𝘂𝗿𝗲 𝗙𝗿𝗲𝘀𝗵 Shower…,RM7.19,33%,https://shopee.com.my/image_not_available.jpg,6/07/2025
Bacterial Wet Wipes 10s …,RM12.52,16%,https://shopee.com.my/image_not_available.jpg,6/07/2025
Fabric Softener French…,RM5.39,18%,https://shopee.com.my/image_not_available.jpg,6/07/2025
Laundry Detergent Silky…,RM10.75,28%,https://shopee.com.my/image_not_available.jpg,6/07/2025
Blackcurrant STD 300ml,RM6.20,22%,https://shopee.com.my/image_not_available.jpg,6/07/2025
Price Range,RM MIN,,https://shopee.com.my/image_not_available.jpg,6/07/2025
RM MIN,RM MAX,,https://shopee.com.my/image_not_available.jpg,6/07/2025
Toothbrush Super Value…,RM6.68,33%,https://shopee.com.my/image_not_available.jpg,6/07/2025
Parfum Adorable Bouque…,RM16.35,33%,https://shopee.com.my/image_not_available.jpg,6/07/2025
Can Regular 320ml,RM2.45,18%,https://shopee.com.my/image_not_available.jpg,6/07/2025
𝗦𝘁𝗶𝗰𝗸 Salted 100g,RM5.71,16%,https://shopee.com.my/image_not_available.jpg,6/07/2025
Towel 60s x 6roll,RM13.20,11%,https://shopee.com.my/image_not_available.jpg,6/07/2025
,RM2.52,,https://shopee.com.my/image_not_available.jpg,6/07/2025
,RM19.59,,https://shopee.com.my/image_not_available.jpg,6/07/2025
,RM26.18,,https://shopee.com.my/image_not_available.jpg,6/07/2025
Sea,RM4.19,,https://shopee.com.my/image_not_available.jpg,6/07/2025
Sea,RM5.65,,https://shopee.com.my/image_not_available.jpg,6/07/2025
Cereal 300g (Halal),RM10.25,21%,https://shopee.com.my/image_not_available.jpg,6/07/2025
Fresh Air Refreshing Gel…,RM7.95,24%,https://shopee.com.my/image_not_available.jpg,6/07/2025
Mint Mouthwash Twin…,RM31.88,32%,https://shopee.com.my/image_not_available.jpg,6/07/2025
Magical Bloom 3.8kg,RM16.39,29%,https://shopee.com.my/image_not_available.jpg,6/07/2025
Bud Skincare 640 Tips,RM2.79,15%,https://shopee.com.my/image_not_available.jpg,6/07/2025
Price Range,RM MIN,,https://shopee.com.my/image_not_available.jpg,6/07/2025
RM MIN,RM MAX,,https://shopee.com.my/image_not_available.jpg,6/07/2025
Mushroom Pasta Sauce…,RM7.45,10%,https://shopee.com.my/image_not_available.jpg,6/07/2025
Guide Organic Sweet…,RM7.16,23%,https://shopee.com.my/image_not_available.jpg,6/07/2025
Kids Shiny Drops…,RM17.43,26%,https://shopee.com.my/image_not_available.jpg,6/07/2025
Chocolate Funsize (20g x…,RM11.88,20%,https://shopee.com.my/image_not_available.jpg,6/07/2025
Marble & Terrazzo Floor…,RM20.89,22%,https://shopee.com.my/image_not_available.jpg,6/07/2025
,RM6.38,,https://shopee.com.my/image_not_available.jpg,6/07/2025
Sea,RM6.35,,https://shopee.com.my/image_not_available.jpg,6/07/2025
Sea,RM20.80,,https://shopee.com.my/image_not_available.jpg,6/07/2025
Sea,RM7.29,,https://shopee.com.my/image_not_available.jpg,6/07/2025
,RM4.80,,https://shopee.com.my/image_not_available.jpg,6/07/2025
Absorption Core Adult…,RM15.19,29%,https://shopee.com.my/image_not_available.jpg,6/07/2025
Samyang Hot Chicken…,RM47.40,38%,https://shopee.com.my/image_not_available.jpg,6/07/2025
1 Coffee Mix Regular (25…,RM7.90,35%,https://shopee.com.my/image_not_available.jpg,6/07/2025
Clean Fresh Shower Foa…,RM7.19,33%,https://shopee.com.my/image_not_available.jpg,6/07/2025
Ambi Pur Room Fresh Ge…,RM15.60,22%,https://shopee.com.my/image_not_available.jpg,6/07/2025
Price Range,RM MIN,,https://shopee.com.my/image_not_available.jpg,6/07/2025
RM MIN,RM MAX,,https://shopee.com.my/image_not_available.jpg,6/07/2025
Lime Dishwash Liquid 4.5L,RM30.39,13%,https://shopee.com.my/image_not_available.jpg,6/07/2025
Wafer Sticks Strawberry…,RM8.80,10%,https://shopee.com.my/image_not_available.jpg,6/07/2025
Toiletbowl Botanical…,RM10.59,22%,https://shopee.com.my/image_not_available.jpg,6/07/2025
Hand Wash Uplift (250ml…,RM21.47,20%,https://shopee.com.my/image_not_available.jpg,6/07/2025
Intensive SPF 24…,RM41.33,34%,https://shopee.com.my/image_not_available.jpg,6/07/2025
,RM2.84,,https://shopee.com.my/image_not_available.jpg,6/07/2025
,RM8.39,,https://shopee.com.my/image_not_available.jpg,6/07/2025
Sea,RM12.00,,https://shopee.com.my/image_not_available.jpg,6/07/2025
,RM7.36,,https://shopee.com.my/image_not_available.jpg,6/07/2025
Sea,RM9.39,,https://shopee.com.my/image_not_available.jpg,6/07/2025
Colour 1.5kg,RM11.70,8%,https://shopee.com.my/image_not_available.jpg,6/07/2025
Jasmine Green Tea 2g x…,RM12.05,9%,https://shopee.com.my/image_not_available.jpg,6/07/2025
Kotex Anti-Bacteria…,RM16.10,11%,https://shopee.com.my/image_not_available.jpg,6/07/2025
Honey Yuzu 1.5L,RM7.10,6%,https://shopee.com.my/image_not_available.jpg,6/07/2025
3in1 Brown Sugar White…,RM15.69,15%,https://shopee.com.my/image_not_available.jpg,6/07/2025
Price Range,RM MIN,,https://shopee.com.my/image_not_available.jpg,6/07/2025
RM MIN,RM MAX,,https://shopee.com.my/image_not_available.jpg,6/07/2025
Strawberry Corn Flakes…,RM7.75,13%,https://shopee.com.my/image_not_available.jpg,6/07/2025
Tropical Jumbo (700ml),RM13.99,26%,https://shopee.com.my/image_not_available.jpg,6/07/2025
Macaroni 400g,RM3.40,14%,https://shopee.com.my/image_not_available.jpg,6/07/2025
Sandwich Biscuit - 𝗦𝗮𝗹𝘁𝗲𝗱…,RM9.90,16%,https://shopee.com.my/image_not_available.jpg,6/07/2025
Gift Dried Raisins with…,RM5.39,18%,https://shopee.com.my/image_not_available.jpg,6/07/2025
,RM18.75,,https://shopee.com.my/image_not_available.jpg,6/07/2025
,RM7.56,,https://shopee.com.my/image_not_available.jpg,6/07/2025
,RM22.72,,https://shopee.com.my/image_not_available.jpg,6/07/2025
Sea,RM18.40,,https://shopee.com.my/image_not_available.jpg,6/07/2025
,RM23.16,,https://shopee.com.my/image_not_available.jpg,6/07/2025
Ambi Pur Luxe Car Air…,RM16.51,33%,https://shopee.com.my/image_not_available.jpg,6/07/2025
Berries Jumbo (700ml),RM13.99,26%,https://shopee.com.my/image_not_available.jpg,6/07/2025
Kotex Natural Care Maxi…,RM16.10,11%,https://shopee.com.my/image_not_available.jpg,6/07/2025
Toothpaste Cavity…,RM6.78,28%,https://shopee.com.my/image_not_available.jpg,6/07/2025
1 Latte 25g x 12s,RM13.00,27%,https://shopee.com.my/image_not_available.jpg,6/07/2025
Premium Mixes Caff«…,RM12.90,2%,https://shopee.com.my/image_not_available.jpg,6/07/2025
Caramelly Smooth…,RM11.34,14%,https://shopee.com.my/image_not_available.jpg,6/07/2025
Goreng Asli Jumbo 139g …,RM6.29,15%,https://shopee.com.my/image_not_available.jpg,6/07/2025
Krunch Cereal 450g (Halal),RM13.62,22%,https://shopee.com.my/image_not_available.jpg,6/07/2025
Activ-Go HCL2.0 1.8kg…,RM36.75,20%,https://shopee.com.my/image_not_available.jpg,6/07/2025
,RM3.40,,https://shopee.com.my/image_not_available.jpg,6/07/2025
,RM119.90,,https://shopee.com.my/image_not_available.jpg,6/07/2025
,RM16.00,,https://shopee.com.my/image_not_available.jpg,6/07/2025
Sea,RM15.69,,https://shopee.com.my/image_not_available.jpg,6/07/2025
,RM2.89,,https://shopee.com.my/image_not_available.jpg,6/07/2025
Goreng Asli 90g x 5 Pack…,RM5.73,12%,https://shopee.com.my/image_not_available.jpg,6/07/2025
Pack Cereal 140g (Halal),RM9.23,7%,https://shopee.com.my/image_not_available.jpg,6/07/2025
Classic Arabica&Robusta…,RM24.15,10%,https://shopee.com.my/image_not_available.jpg,6/07/2025
Cappuccino 18g x 4s…,RM12.90,2%,https://shopee.com.my/image_not_available.jpg,6/07/2025
HUGGIES AirSoft Tape…,RM135.00,22%,https://shopee.com.my/image_not_available.jpg,6/07/2025
Price Range,RM MIN,,https://shopee.com.my/image_not_available.jpg,6/07/2025
RM MIN,RM MAX,,https://shopee.com.my/image_not_available.jpg,6/07/2025
Gentle Preemie Baby…,RM16.90,16%,https://shopee.com.my/image_not_available.jpg,6/07/2025
Cleaner Lemongrass &…,RM12.15,30%,https://shopee.com.my/image_not_available.jpg,6/07/2025
Pesto Alla Genovese Pas…,RM21.15,15%,https://shopee.com.my/image_not_available.jpg,6/07/2025
Noodles Economy Pack…,RM6.87,13%,https://shopee.com.my/image_not_available.jpg,6/07/2025
Calcium Boost Pluz UHT…,RM11.53,8%,https://shopee.com.my/image_not_available.jpg,6/07/2025
,RM31.40,,https://shopee.com.my/image_not_available.jpg,6/07/2025
,RM14.50,,https://shopee.com.my/image_not_available.jpg,6/07/2025
Sea,RM10.69,,https://shopee.com.my/image_not_available.jpg,6/07/2025
Sea,RM13.00,,https://shopee.com.my/image_not_available.jpg,6/07/2025
Sea,RM8.04,,https://shopee.com.my/image_not_available.jpg,6/07/2025
𝗦𝗵𝗼𝗿𝘁𝗯𝗿𝗲𝗮𝗱 Finger 150g,RM20.35,21%,https://shopee.com.my/image_not_available.jpg,6/07/2025
Ambi Pur Fabric Refreshe…,RM18.40,23%,https://shopee.com.my/image_not_available.jpg,6/07/2025
Yogi Chocolate with…,RM2.39,15%,https://shopee.com.my/image_not_available.jpg,6/07/2025
Tea 400g,RM11.80,8%,https://shopee.com.my/image_not_available.jpg,6/07/2025
Kitchen Dishwash Liquid…,RM11.11,32%,https://shopee.com.my/image_not_available.jpg,6/07/2025
Price Range,RM MIN,,https://shopee.com.my/image_not_available.jpg,6/07/2025
RM MIN,RM MAX,,https://shopee.com.my/image_not_available.jpg,6/07/2025
Powder Detergent 3.8kg,RM16.39,29%,https://shopee.com.my/image_not_available.jpg,6/07/2025
Parfum Concentrated…,RM5.39,20%,https://shopee.com.my/image_not_available.jpg,6/07/2025
Body Scrub - White Turni…,RM7.29,9%,https://shopee.com.my/image_not_available.jpg,6/07/2025
Milk Chocolate 1L [Exp 1…,RM5.89,25%,https://shopee.com.my/image_not_available.jpg,6/07/2025
Peony & Berry Bliss…,RM18.09,23%,https://shopee.com.my/image_not_available.jpg,6/07/2025
,RM14.24,,https://shopee.com.my/image_not_available.jpg,6/07/2025
,RM4.90,,https://shopee.com.my/image_not_available.jpg,6/07/2025
,RM5.10,,https://shopee.com.my/image_not_available.jpg,6/07/2025
Sea,RM16.09,,https://shopee.com.my/image_not_available.jpg,6/07/2025
,RM5.89,,https://shopee.com.my/image_not_available.jpg,6/07/2025
Detergent Colour Protect…,RM20.29,42%,https://shopee.com.my/image_not_available.jpg,6/07/2025
Sawaday Fragrance Liqui…,RM8.69,3%,https://shopee.com.my/image_not_available.jpg,6/07/2025
Krunch Cereal Bar 25g x…,RM49.65,17%,https://shopee.com.my/image_not_available.jpg,6/07/2025
Bright Serum Twin Pack (…,RM25.40,,https://shopee.com.my/image_not_available.jpg,6/07/2025
Butter 𝗖𝗵𝗼𝗰𝗼𝗹𝗮𝘁𝗲…,RM6.19,17%,https://shopee.com.my/image_not_available.jpg,6/07/2025
Price Range,RM MIN,,https://shopee.com.my/image_not_available.jpg,6/07/2025
RM MIN,RM MAX,,https://shopee.com.my/image_not_available.jpg,6/07/2025
Robusta Kopi O 16g x 15…,RM9.70,10%,https://shopee.com.my/image_not_available.jpg,6/07/2025
Gold+ Super Jumbo Pack…,RM30.50,10%,https://shopee.com.my/image_not_available.jpg,6/07/2025
Surface Cleaner Spray…,RM17.55,5%,https://shopee.com.my/image_not_available.jpg,6/07/2025
Free Goodnes Dairy Free…,RM10.65,11%,https://shopee.com.my/image_not_available.jpg,6/07/2025
𝗛𝗶𝗺𝗮𝗹𝗮𝘆𝗮𝗻 𝗣𝗶𝗻𝗸 𝗥𝗼𝗰𝗸 𝗦𝗮𝗹…,RM2.29,23%,https://shopee.com.my/image_not_available.jpg,6/07/2025
,RM6.19,,https://shopee.com.my/image_not_available.jpg,6/07/2025
Sea,RM10.36,,https://shopee.com.my/image_not_available.jpg,6/07/2025
,RM29.95,,https://shopee.com.my/image_not_available.jpg,6/07/2025
Sea,RM13.39,,https://shopee.com.my/image_not_available.jpg,6/07/2025
,RM21.62,,https://shopee.com.my/image_not_available.jpg,6/07/2025
Hand Wash Skincare Refi…,RM12.55,7%,https://shopee.com.my/image_not_available.jpg,6/07/2025
Milk Strawberry 1L [Exp 2…,RM6.29,20%,https://shopee.com.my/image_not_available.jpg,6/07/2025
White Exfoliating Mineral…,RM11.92,23%,https://shopee.com.my/image_not_available.jpg,6/07/2025
Pasta Sauce 680g,RM13.05,13%,https://shopee.com.my/image_not_available.jpg,6/07/2025
Aroma Therapy Shower…,RM7.67,15%,https://shopee.com.my/image_not_available.jpg,6/07/2025
Price Range,RM MIN,,https://shopee.com.my/image_not_available.jpg,6/07/2025
RM MIN,RM MAX,,https://shopee.com.my/image_not_available.jpg,6/07/2025
Action Cleaner Refill…,RM10.85,9%,https://shopee.com.my/image_not_available.jpg,6/07/2025
Milk 189g,RM4.90,11%,https://shopee.com.my/image_not_available.jpg,6/07/2025
Clip Car Air Freshener -…,RM11.00,31%,https://shopee.com.my/image_not_available.jpg,6/07/2025
Cleaner Lavender &…,RM12.15,30%,https://shopee.com.my/image_not_available.jpg,6/07/2025
Soft Hair Shampoo…,RM9.75,12%,https://shopee.com.my/image_not_available.jpg,6/07/2025
,RM23.42,,https://shopee.com.my/image_not_available.jpg,6/07/2025
Sea,RM6.00,,https://shopee.com.my/image_not_available.jpg,6/07/2025
Sea,RM17.99,,https://shopee.com.my/image_not_available.jpg,6/07/2025
,RM5.39,,https://shopee.com.my/image_not_available.jpg,6/07/2025
,RM25.01,,https://shopee.com.my/image_not_available.jpg,6/07/2025
𝗜𝗻𝘀𝘁𝗮𝗻𝘁 𝟯𝗶𝗻𝟭 Premix Teh…,RM17.39,18%,https://shopee.com.my/image_not_available.jpg,6/07/2025
Detergent Stain Buster…,RM20.29,42%,https://shopee.com.my/image_not_available.jpg,6/07/2025
2in1 Ice Choco Hazelnut…,RM8.90,23%,https://shopee.com.my/image_not_available.jpg,6/07/2025
Chocolate Cup 53g,RM3.90,43%,https://shopee.com.my/image_not_available.jpg,6/07/2025
Concentrate Fabric…,RM24.60,,https://shopee.com.my/image_not_available.jpg,6/07/2025
Price Range,RM MIN,,https://shopee.com.my/image_not_available.jpg,6/07/2025
RM MIN,RM MAX,,https://shopee.com.my/image_not_available.jpg,6/07/2025
Gum Health Care Extra…,RM21.04,25%,https://shopee.com.my/image_not_available.jpg,6/07/2025
Tissue Soft Pack Limited…,RM10.90,16%,https://shopee.com.my/image_not_available.jpg,6/07/2025
Calbee - Smoky BBQ (60g),RM2.79,34%,https://shopee.com.my/image_not_available.jpg,6/07/2025
Mustard 100% Natural Fs…,RM10.70,22%,https://shopee.com.my/image_not_available.jpg,6/07/2025
Lizard Repellent 500ml,RM20.59,23%,https://shopee.com.my/image_not_available.jpg,6/07/2025
,RM3.35,,https://shopee.com.my/image_not_available.jpg,6/07/2025
Sea,RM13.29,,https://shopee.com.my/image_not_available.jpg,6/07/2025
Sea,RM2.90,,https://shopee.com.my/image_not_available.jpg,6/07/2025
,RM16.15,,https://shopee.com.my/image_not_available.jpg,6/07/2025
,RM999.00,,https://shopee.com.my/image_not_available.jpg,6/07/2025
Blast Water Flosser - Teal…,RM211.57,29%,https://shopee.com.my/image_not_available.jpg,6/07/2025
Cashew Nuts Mixed…,RM14.49,15%,https://shopee.com.my/image_not_available.jpg,6/07/2025
Mango Jumbo (700ml),RM13.99,26%,https://shopee.com.my/image_not_available.jpg,6/07/2025
Mushroom 16.8g,RM4.65,13%,https://shopee.com.my/image_not_available.jpg,6/07/2025
MY Stax Sour Cream &…,RM5.75,15%,https://shopee.com.my/image_not_available.jpg,6/07/2025
Price Range,RM MIN,,https://shopee.com.my/image_not_available.jpg,6/07/2025
RM MIN,RM MAX,,https://shopee.com.my/image_not_available.jpg,6/07/2025
Mochi Hada Shower…,RM18.29,24%,https://shopee.com.my/image_not_available.jpg,6/07/2025
Instant Robust Tea Taste…,RM17.39,18%,https://shopee.com.my/image_not_available.jpg,6/07/2025
Milk + Rice Lotion 500ml,RM21.25,27%,https://shopee.com.my/image_not_available.jpg,6/07/2025
Oriental Instant Soup…,RM5.50,15%,https://shopee.com.my/image_not_available.jpg,6/07/2025
Carefree Ultra Thin…,RM11.34,16%,https://shopee.com.my/image_not_available.jpg,6/07/2025
,RM8.10,,https://shopee.com.my/image_not_available.jpg,6/07/2025
Sea,RM7.38,,https://shopee.com.my/image_not_available.jpg,6/07/2025
Sea,RM21.08,,https://shopee.com.my/image_not_available.jpg,6/07/2025
Sea,RM18.07,,https://shopee.com.my/image_not_available.jpg,6/07/2025
Sea,RM27.53,,https://shopee.com.my/image_not_available.jpg,6/07/2025
Instant Mix Tea 750g,RM23.05,8%,https://shopee.com.my/image_not_available.jpg,6/07/2025
Spirals 500g,RM4.80,8%,https://shopee.com.my/image_not_available.jpg,6/07/2025
Ikan Bilis 6 Cubes,RM2.70,14%,https://shopee.com.my/image_not_available.jpg,6/07/2025
Ginger Beer Diet 375ml x…,RM22.99,15%,https://shopee.com.my/image_not_available.jpg,6/07/2025
Moisturising Lotion…,RM29.60,34%,https://shopee.com.my/image_not_available.jpg,6/07/2025
Price Range,RM MIN,,https://shopee.com.my/image_not_available.jpg,6/07/2025
RM MIN,RM MAX,,https://shopee.com.my/image_not_available.jpg,6/07/2025
Premium Pants Leak Pro…,RM54.80,20%,https://shopee.com.my/image_not_available.jpg,6/07/2025
MY Stax BBQ 135g,RM5.80,15%,https://shopee.com.my/image_not_available.jpg,6/07/2025
Truffle 170g,RM12.05,17%,https://shopee.com.my/image_not_available.jpg,6/07/2025
Gentle Clean Alcohol Fre…,RM15.11,31%,https://shopee.com.my/image_not_available.jpg,6/07/2025
Free 4 Cans) NESCAFE…,RM60.64,16%,https://shopee.com.my/image_not_available.jpg,6/07/2025
,RM8.04,,https://shopee.com.my/image_not_available.jpg,6/07/2025
,RM24.63,,https://shopee.com.my/image_not_available.jpg,6/07/2025
Sea,RM6.70,,https://shopee.com.my/image_not_available.jpg,6/07/2025
Sea,RM5.45,,https://shopee.com.my/image_not_available.jpg,6/07/2025
,RM164.40,,https://shopee.com.my/image_not_available.jpg,6/07/2025
Resealable Chewy Mints…,RM2.80,20%,https://shopee.com.my/image_not_available.jpg,6/07/2025
DrySkin Marshmallow…,RM24.87,11%,https://shopee.com.my/image_not_available.jpg,6/07/2025
Ambi Pur Room Fresh Air…,RM15.60,22%,https://shopee.com.my/image_not_available.jpg,6/07/2025
Tissue Limited Edition…,RM6.00,21%,https://shopee.com.my/image_not_available.jpg,6/07/2025
Luxurious Soft Pack 3ply…,RM13.37,16%,https://shopee.com.my/image_not_available.jpg,6/07/2025
Price Range,RM MIN,,https://shopee.com.my/image_not_available.jpg,6/07/2025
RM MIN,RM MAX,,https://shopee.com.my/image_not_available.jpg,6/07/2025
Bleach Fabric Stain…,RM8.19,23%,https://shopee.com.my/image_not_available.jpg,6/07/2025
Vinda Prestige 4D Deco…,RM9.00,28%,https://shopee.com.my/image_not_available.jpg,6/07/2025
Anti-Bacterial Fabric…,RM7.14,11%,https://shopee.com.my/image_not_available.jpg,6/07/2025
3in1 Malt Barley Activ-Go…,RM15.05,21%,https://shopee.com.my/image_not_available.jpg,6/07/2025
Powder Laundry Deterge…,RM26.29,26%,https://shopee.com.my/image_not_available.jpg,6/07/2025
,RM49.65,,https://shopee.com.my/image_not_available.jpg,6/07/2025
,RM35.25,,https://shopee.com.my/image_not_available.jpg,6/07/2025
,RM8.69,,https://shopee.com.my/image_not_available.jpg,6/07/2025
Sea,RM6.90,,https://shopee.com.my/image_not_available.jpg,6/07/2025
Sea,RM7.43,,https://shopee.com.my/image_not_available.jpg,6/07/2025
𝗝𝘂𝗺𝗯𝗼 𝗣𝗮𝗰𝗸 Day&Night…,RM28.90,15%,https://shopee.com.my/image_not_available.jpg,6/07/2025
MentholEucalyptus Clove…,RM2.00,31%,https://shopee.com.my/image_not_available.jpg,6/07/2025
Peony & Berry Bliss Start…,RM24.39,24%,https://shopee.com.my/image_not_available.jpg,6/07/2025
Clear Stuffy Nose With…,RM6.08,32%,https://shopee.com.my/image_not_available.jpg,6/07/2025
𝗦𝗮𝗹𝘁𝗲𝗱 𝗣𝗲𝗮𝗻𝘂𝘁𝘀 365g,RM9.09,18%,https://shopee.com.my/image_not_available.jpg,6/07/2025
Price Range,RM MIN,,https://shopee.com.my/image_not_available.jpg,6/07/2025
RM MIN,RM MAX,,https://shopee.com.my/image_not_available.jpg,6/07/2025
Fresh Romantic Rose Air…,RM5.30,32%,https://shopee.com.my/image_not_available.jpg,6/07/2025
Crisps Original 134g,RM8.00,6%,https://shopee.com.my/image_not_available.jpg,6/07/2025
Pack Bag Fruit (36s) 97.2g,RM3.40,6%,https://shopee.com.my/image_not_available.jpg,6/07/2025
Merries Super Premium…,RM54.80,20%,https://shopee.com.my/image_not_available.jpg,6/07/2025
Plaque Release Reviving…,RM15.87,16%,https://shopee.com.my/image_not_available.jpg,6/07/2025
,RM6.59,,https://shopee.com.my/image_not_available.jpg,6/07/2025
,RM1.59,,https://shopee.com.my/image_not_available.jpg,6/07/2025
Sea,RM3.87,,https://shopee.com.my/image_not_available.jpg,6/07/2025
Sea,RM5.45,,https://shopee.com.my/image_not_available.jpg,6/07/2025
Sea,RM2.99,,https://shopee.com.my/image_not_available.jpg,6/07/2025
1 White Coffee Tarik…,RM11.40,36%,https://shopee.com.my/image_not_available.jpg,6/07/2025
Kotex Herbal Cool Panty…,RM13.90,23%,https://shopee.com.my/image_not_available.jpg,6/07/2025
Crackers (343g),RM4.00,15%,https://shopee.com.my/image_not_available.jpg,6/07/2025
Boost Yellow label loose…,RM6.27,5%,https://shopee.com.my/image_not_available.jpg,6/07/2025
Oven Roasted Almonds…,RM13.49,16%,https://shopee.com.my/image_not_available.jpg,6/07/2025
Price Range,RM MIN,,https://shopee.com.my/image_not_available.jpg,6/07/2025
RM MIN,RM MAX,,https://shopee.com.my/image_not_available.jpg,6/07/2025
Cane Sugar Syrup 700ml,RM31.65,16%,https://shopee.com.my/image_not_available.jpg,6/07/2025
AMORE Butter Cookies…,RM5.22,20%,https://shopee.com.my/image_not_available.jpg,6/07/2025
Pantyliner 100s,RM14.69,13%,https://shopee.com.my/image_not_available.jpg,6/07/2025
Dishwashing Paste Lime…,RM4.16,18%,https://shopee.com.my/image_not_available.jpg,6/07/2025
Light Perfecting Cream…,RM38.99,30%,https://shopee.com.my/image_not_available.jpg,6/07/2025
,RM9.00,,https://shopee.com.my/image_not_available.jpg,6/07/2025
Sea,RM6.63,,https://shopee.com.my/image_not_available.jpg,6/07/2025
Sea,RM19.00,,https://shopee.com.my/image_not_available.jpg,6/07/2025
Sea,RM2.55,,https://shopee.com.my/image_not_available.jpg,6/07/2025
Sea,RM13.50,,https://shopee.com.my/image_not_available.jpg,6/07/2025
Sauce No Artificial…,RM5.40,9%,https://shopee.com.my/image_not_available.jpg,6/07/2025
Oxi Action Stain Remover…,RM13.59,12%,https://shopee.com.my/image_not_available.jpg,6/07/2025
Pomegranate & Yuzu…,RM6.63,8%,https://shopee.com.my/image_not_available.jpg,6/07/2025
Concentrate Less Sweet…,RM13.30,15%,https://shopee.com.my/image_not_available.jpg,6/07/2025
Origins Cap Colombia Ja…,RM28.64,11%,https://shopee.com.my/image_not_available.jpg,6/07/2025
Lemonade 375ml x 4s,RM20.99,22%,https://shopee.com.my/image_not_available.jpg,6/07/2025
Chicken Cheese Ramen…,RM23.65,19%,https://shopee.com.my/image_not_available.jpg,6/07/2025
Cili Ala Kampung 89g x 5…,RM7.30,8%,https://shopee.com.my/image_not_available.jpg,6/07/2025
Mate Pouch 450g (Halal),RM9.90,1%,https://shopee.com.my/image_not_available.jpg,6/07/2025
NESCAFE Gold Refill 170…,RM55.41,24%,https://shopee.com.my/image_not_available.jpg,6/07/2025
,RM5.20,,https://shopee.com.my/image_not_available.jpg,6/07/2025
,RM8.85,,https://shopee.com.my/image_not_available.jpg,6/07/2025
,RM54.74,,https://shopee.com.my/image_not_available.jpg,6/07/2025
,RM23.59,,https://shopee.com.my/image_not_available.jpg,6/07/2025
Sea,RM23.65,,https://shopee.com.my/image_not_available.jpg,6/07/2025
1 Teh Tarik Traditional…,RM13.00,27%,https://shopee.com.my/image_not_available.jpg,6/07/2025
Decaf Decaffeinated Jar…,RM25.63,12%,https://shopee.com.my/image_not_available.jpg,6/07/2025
Caffe Latte 18g x 4s…,RM11.34,14%,https://shopee.com.my/image_not_available.jpg,6/07/2025
3in1 Honey 28g x 14s…,RM10.47,23%,https://shopee.com.my/image_not_available.jpg,6/07/2025
Instant Lasagna 250g,RM5.10,9%,https://shopee.com.my/image_not_available.jpg,6/07/2025
Price Range,RM MIN,,https://shopee.com.my/image_not_available.jpg,6/07/2025
RM MIN,RM MAX,,https://shopee.com.my/image_not_available.jpg,6/07/2025
Instant Oats 450g,RM6.59,30%,https://shopee.com.my/image_not_available.jpg,6/07/2025
Shoulders Shampoo Anti…,RM25.43,32%,https://shopee.com.my/image_not_available.jpg,6/07/2025
Vegeroni Spirals 375g,RM4.80,8%,https://shopee.com.my/image_not_available.jpg,6/07/2025
Milk + Rice Bath Refill…,RM16.24,30%,https://shopee.com.my/image_not_available.jpg,6/07/2025
Gift 𝗦𝗲𝗲𝗱𝗹𝗲𝘀𝘀 Dried Plum…,RM3.89,14%,https://shopee.com.my/image_not_available.jpg,6/07/2025
,RM3.75,,https://shopee.com.my/image_not_available.jpg,6/07/2025
Sea,RM18.10,,https://shopee.com.my/image_not_available.jpg,6/07/2025
Sea,RM26.28,,https://shopee.com.my/image_not_available.jpg,6/07/2025
Sea,RM23.16,,https://shopee.com.my/image_not_available.jpg,6/07/2025
Sea,RM2.55,,https://shopee.com.my/image_not_available.jpg,6/07/2025
Krunch Cereal 70g (Halal),RM3.19,1%,https://shopee.com.my/image_not_available.jpg,6/07/2025
Surface Cleaner…,RM8.39,33%,https://shopee.com.my/image_not_available.jpg,6/07/2025
Care Mild Taste…,RM10.65,25%,https://shopee.com.my/image_not_available.jpg,6/07/2025
Clean - Normal/Heavy Da…,RM22.30,23%,https://shopee.com.my/image_not_available.jpg,6/07/2025
Potato Chips Extra Bbq…,RM2.95,16%,https://shopee.com.my/image_not_available.jpg,6/07/2025
Price Range,RM MIN,,https://shopee.com.my/image_not_available.jpg,6/07/2025
RM MIN,RM MAX,,https://shopee.com.my/image_not_available.jpg,6/07/2025
Tea Selection,RM15.60,,https://shopee.com.my/image_not_available.jpg,6/07/2025
in 1 Earl Grey 12s,RM17.55,4%,https://shopee.com.my/image_not_available.jpg,6/07/2025
Sauce 340g (Halal),RM5.44,9%,https://shopee.com.my/image_not_available.jpg,6/07/2025
𝗧𝗲𝗮 𝗠𝗶𝘅 Pack 20g x 30s,RM15.05,8%,https://shopee.com.my/image_not_available.jpg,6/07/2025
LessGrease Original 102g,RM6.90,7%,https://shopee.com.my/image_not_available.jpg,6/07/2025
,RM12.30,,https://shopee.com.my/image_not_available.jpg,6/07/2025
,RM19.11,,https://shopee.com.my/image_not_available.jpg,6/07/2025
,RM10.87,,https://shopee.com.my/image_not_available.jpg,6/07/2025
Sea,RM18.09,,https://shopee.com.my/image_not_available.jpg,6/07/2025
,RM10.25,,https://shopee.com.my/image_not_available.jpg,6/07/2025
Gel Instant Cool 950ml,RM21.74,11%,https://shopee.com.my/image_not_available.jpg,6/07/2025
Original 135g,RM6.40,6%,https://shopee.com.my/image_not_available.jpg,6/07/2025
Salted Broad Bean w/o…,RM9.09,18%,https://shopee.com.my/image_not_available.jpg,6/07/2025
90g,RM6.10,6%,https://shopee.com.my/image_not_available.jpg,6/07/2025
Naturel Protection Body…,RM10.09,37%,https://shopee.com.my/image_not_available.jpg,6/07/2025
Price Range,RM MIN,,https://shopee.com.my/image_not_available.jpg,6/07/2025
RM MIN,RM MAX,,https://shopee.com.my/image_not_available.jpg,6/07/2025
Sauce 500g (Halal),RM6.53,17%,https://shopee.com.my/image_not_available.jpg,6/07/2025
Shampoo Silky Smooth…,RM24.68,34%,https://shopee.com.my/image_not_available.jpg,6/07/2025
Hydration Cherry Blosso…,RM39.74,28%,https://shopee.com.my/image_not_available.jpg,6/07/2025
Silicone/Paraben/Mineral…,RM14.24,20%,https://shopee.com.my/image_not_available.jpg,6/07/2025
Margarine (240g),RM4.64,24%,https://shopee.com.my/image_not_available.jpg,6/07/2025
,RM5.45,,https://shopee.com.my/image_not_available.jpg,6/07/2025
,RM9.30,,https://shopee.com.my/image_not_available.jpg,6/07/2025
Sea,RM5.30,,https://shopee.com.my/image_not_available.jpg,6/07/2025
Sea,RM3.57,,https://shopee.com.my/image_not_available.jpg,6/07/2025
,RM9.70,,https://shopee.com.my/image_not_available.jpg,6/07/2025
Krunch Cookies 70g…,RM3.05,5%,https://shopee.com.my/image_not_available.jpg,6/07/2025
Oral-B Essential Floss…,RM15.71,33%,https://shopee.com.my/image_not_available.jpg,6/07/2025
Steam Eye Mask -…,RM18.00,20%,https://shopee.com.my/image_not_available.jpg,6/07/2025
Hair & Body Wash Yoghu…,RM18.59,10%,https://shopee.com.my/image_not_available.jpg,6/07/2025
UV Shower Cream -…,RM10.09,22%,https://shopee.com.my/image_not_available.jpg,6/07/2025
Price Range,RM MIN,,https://shopee.com.my/image_not_available.jpg,6/07/2025
RM MIN,RM MAX,,https://shopee.com.my/image_not_available.jpg,6/07/2025
Cocktail Nuts 115g,RM10.49,5%,https://shopee.com.my/image_not_available.jpg,6/07/2025
Anti-Hairfall Shampoo…,RM19.88,25%,https://shopee.com.my/image_not_available.jpg,6/07/2025
Naturel Protection…,RM10.09,37%,https://shopee.com.my/image_not_available.jpg,6/07/2025
Cameron Highlands 500g,RM12.40,4%,https://shopee.com.my/image_not_available.jpg,6/07/2025
Original Cream Crackers…,RM5.00,18%,https://shopee.com.my/image_not_available.jpg,6/07/2025
,RM9.50,,https://shopee.com.my/image_not_available.jpg,6/07/2025
Sea,RM12.75,,https://shopee.com.my/image_not_available.jpg,6/07/2025
Sea,RM11.20,,https://shopee.com.my/image_not_available.jpg,6/07/2025
Sea,RM25.43,,https://shopee.com.my/image_not_available.jpg,6/07/2025
Sea,RM7.94,,https://shopee.com.my/image_not_available.jpg,6/07/2025
Teh Tarik Cup 72g,RM4.90,29%,https://shopee.com.my/image_not_available.jpg,6/07/2025
Fresh Air Refreshing Gel -…,RM7.95,24%,https://shopee.com.my/image_not_available.jpg,6/07/2025
Gel Body Wash Skin Care…,RM21.74,11%,https://shopee.com.my/image_not_available.jpg,6/07/2025
Antibacterial Disinfectant…,RM11.04,30%,https://shopee.com.my/image_not_available.jpg,6/07/2025
Laundry Detergent…,RM22.55,31%,https://shopee.com.my/image_not_available.jpg,6/07/2025
Price Range,RM MIN,,https://shopee.com.my/image_not_available.jpg,6/07/2025
RM MIN,RM MAX,,https://shopee.com.my/image_not_available.jpg,6/07/2025
Bud 400 Tips,RM4.79,19%,https://shopee.com.my/image_not_available.jpg,6/07/2025
Powder 120g,RM5.70,3%,https://shopee.com.my/image_not_available.jpg,6/07/2025
Aloe Vera Dishwash Liqui…,RM9.45,8%,https://shopee.com.my/image_not_available.jpg,6/07/2025
Duty Garbage Bags L x 10s,RM3.89,22%,https://shopee.com.my/image_not_available.jpg,6/07/2025
Disposable Razor Long…,RM8.18,33%,https://shopee.com.my/image_not_available.jpg,6/07/2025
,RM4.90,,https://shopee.com.my/image_not_available.jpg,6/07/2025
,RM11.93,,https://shopee.com.my/image_not_available.jpg,6/07/2025
Sea,RM20.53,,https://shopee.com.my/image_not_available.jpg,6/07/2025
Sea,RM9.55,,https://shopee.com.my/image_not_available.jpg,6/07/2025
,RM13.50,,https://shopee.com.my/image_not_available.jpg,6/07/2025
Resistant Essential Floss…,RM8.21,33%,https://shopee.com.my/image_not_available.jpg,6/07/2025
Deodorant Perfume Body…,RM9.89,30%,https://shopee.com.my/image_not_available.jpg,6/07/2025
Peach & Passion Fruit 20tb,RM11.95,16%,https://shopee.com.my/image_not_available.jpg,6/07/2025
Junior Kids FoodGrade…,RM8.70,,https://shopee.com.my/image_not_available.jpg,6/07/2025
Kids Toothpaste Orange (…,RM2.55,42%,https://shopee.com.my/image_not_available.jpg,6/07/2025
Price Range,RM MIN,,https://shopee.com.my/image_not_available.jpg,6/07/2025
RM MIN,RM MAX,,https://shopee.com.my/image_not_available.jpg,6/07/2025
Laundry Detergent And…,RM10.95,21%,https://shopee.com.my/image_not_available.jpg,6/07/2025
𝗚𝗿𝗲𝗲𝗻 𝗧𝗲𝗮 100tb,RM18.50,21%,https://shopee.com.my/image_not_available.jpg,6/07/2025
Choco More Sandwich…,RM3.80,10%,https://shopee.com.my/image_not_available.jpg,6/07/2025
Baby Milk + Oats Bath…,RM19.32,31%,https://shopee.com.my/image_not_available.jpg,6/07/2025
Parfum Collection 370ml,RM5.77,34%,https://shopee.com.my/image_not_available.jpg,6/07/2025
,RM23.50,,https://shopee.com.my/image_not_available.jpg,6/07/2025
Sea,RM8.64,,https://shopee.com.my/image_not_available.jpg,6/07/2025
,RM3.20,,https://shopee.com.my/image_not_available.jpg,6/07/2025
Sea,RM17.43,,https://shopee.com.my/image_not_available.jpg,6/07/2025
Sea,RM2.55,,https://shopee.com.my/image_not_available.jpg,6/07/2025
Women Daisy Ultragrip…,RM4.88,25%,https://shopee.com.my/image_not_available.jpg,6/07/2025
Vinda Deluxe Soft Pack…,RM10.35,28%,https://shopee.com.my/image_not_available.jpg,6/07/2025
Hair Fall Control Shampo…,RM26.90,,https://shopee.com.my/image_not_available.jpg,6/07/2025
Huggies Baby Wipes Cle…,RM12.90,9%,https://shopee.com.my/image_not_available.jpg,6/07/2025
Bacterial Fabric Refreshe…,RM9.90,29%,https://shopee.com.my/image_not_available.jpg,6/07/2025
Price Range,RM MIN,,https://shopee.com.my/image_not_available.jpg,6/07/2025
RM MIN,RM MAX,,https://shopee.com.my/image_not_available.jpg,6/07/2025
Non Wing…,RM7.90,11%,https://shopee.com.my/image_not_available.jpg,6/07/2025
Chilli Sauce 500g (Halal),RM5.58,7%,https://shopee.com.my/image_not_available.jpg,6/07/2025
Improved Recipe Dutch…,RM4.59,17%,https://shopee.com.my/image_not_available.jpg,6/07/2025
Boost Glucose Drink…,RM18.11,9%,https://shopee.com.my/image_not_available.jpg,6/07/2025
Tiger Toothpaste 40g,RM2.55,29%,https://shopee.com.my/image_not_available.jpg,6/07/2025
,RM13.90,,https://shopee.com.my/image_not_available.jpg,6/07/2025
,RM3.38,,https://shopee.com.my/image_not_available.jpg,6/07/2025
Sea,RM14.99,,https://shopee.com.my/image_not_available.jpg,6/07/2025
Sea,RM6.71,,https://shopee.com.my/image_not_available.jpg,6/07/2025
,RM10.17,,https://shopee.com.my/image_not_available.jpg,6/07/2025
Clean Regular Head…,RM9.09,45%,https://shopee.com.my/image_not_available.jpg,6/07/2025
TartarControl Dental Flos…,RM7.62,15%,https://shopee.com.my/image_not_available.jpg,6/07/2025
Salted Peanut 40g,RM1.49,7%,https://shopee.com.my/image_not_available.jpg,6/07/2025
Coffee 36g x 15s (Halal),RM16.00,22%,https://shopee.com.my/image_not_available.jpg,6/07/2025
Fragrance Liquid Lavend…,RM8.96,,https://shopee.com.my/image_not_available.jpg,6/07/2025
Price Range,RM MIN,,https://shopee.com.my/image_not_available.jpg,6/07/2025
RM MIN,RM MAX,,https://shopee.com.my/image_not_available.jpg,6/07/2025
Sticks 50s,RM9.70,8%,https://shopee.com.my/image_not_available.jpg,6/07/2025
Original 1.5L,RM3.65,11%,https://shopee.com.my/image_not_available.jpg,6/07/2025
Collection Fabric…,RM16.35,33%,https://shopee.com.my/image_not_available.jpg,6/07/2025
Lemon 700g,RM6.68,10%,https://shopee.com.my/image_not_available.jpg,6/07/2025
Oven Roasted Salted…,RM13.49,16%,https://shopee.com.my/image_not_available.jpg,6/07/2025
,RM8.01,,https://shopee.com.my/image_not_available.jpg,6/07/2025
Sea,RM5.89,,https://shopee.com.my/image_not_available.jpg,6/07/2025
Sea,RM7.90,,https://shopee.com.my/image_not_available.jpg,6/07/2025
,RM10.36,,https://shopee.com.my/image_not_available.jpg,6/07/2025
,RM9.72,,https://shopee.com.my/image_not_available.jpg,6/07/2025
BBQ 65g (CN),RM3.95,6%,https://shopee.com.my/image_not_available.jpg,6/07/2025
"Remover Pink Oxi Action,…",RM34.05,15%,https://shopee.com.my/image_not_available.jpg,6/07/2025
Cotton 𝟭𝟲𝟬𝘀,RM5.39,21%,https://shopee.com.my/image_not_available.jpg,6/07/2025
Lotion 500ml,RM19.73,27%,https://shopee.com.my/image_not_available.jpg,6/07/2025
Sitrus Powder Detergent…,RM16.39,29%,https://shopee.com.my/image_not_available.jpg,6/07/2025
Price Range,RM MIN,,https://shopee.com.my/image_not_available.jpg,6/07/2025
RM MIN,RM MAX,,https://shopee.com.my/image_not_available.jpg,6/07/2025
Shoulders Shampoo Zinc…,RM25.43,32%,https://shopee.com.my/image_not_available.jpg,6/07/2025
Lemon Flavoured Cream…,RM3.80,10%,https://shopee.com.my/image_not_available.jpg,6/07/2025
Huhu 36cm Maximum All…,RM5.78,28%,https://shopee.com.my/image_not_available.jpg,6/07/2025
Gel Instant Cool Odour…,RM13.42,5%,https://shopee.com.my/image_not_available.jpg,6/07/2025
Shampoo 𝗦𝗺𝗼𝗼𝘁𝗵 𝗔𝗻𝗱…,RM18.79,10%,https://shopee.com.my/image_not_available.jpg,6/07/2025
,RM2.33,,https://shopee.com.my/image_not_available.jpg,6/07/2025
Sea,RM4.16,,https://shopee.com.my/image_not_available.jpg,6/07/2025
,RM35.90,,https://shopee.com.my/image_not_available.jpg,6/07/2025
,RM6.39,,https://shopee.com.my/image_not_available.jpg,6/07/2025
Sea,RM8.04,,https://shopee.com.my/image_not_available.jpg,6/07/2025
Disinfecting Bleach…,RM8.30,6%,https://shopee.com.my/image_not_available.jpg,6/07/2025
Powder Super Color 2.1kg,RM13.37,35%,https://shopee.com.my/image_not_available.jpg,6/07/2025
Pack Menthol Mint 2.7g x…,RM25.85,8%,https://shopee.com.my/image_not_available.jpg,6/07/2025
Pewangi Detergent…,RM16.48,20%,https://shopee.com.my/image_not_available.jpg,6/07/2025
Powder Blooming…,RM22.88,31%,https://shopee.com.my/image_not_available.jpg,6/07/2025
Price Range,RM MIN,,https://shopee.com.my/image_not_available.jpg,6/07/2025
RM MIN,RM MAX,,https://shopee.com.my/image_not_available.jpg,6/07/2025
Concentrate Fabric…,RM6.56,21%,https://shopee.com.my/image_not_available.jpg,6/07/2025
2-4 Years Old Mickey &…,RM4.46,34%,https://shopee.com.my/image_not_available.jpg,6/07/2025
Comfort Procomfort…,RM23.29,14%,https://shopee.com.my/image_not_available.jpg,6/07/2025
Green Tea 2g x 20s,RM8.90,9%,https://shopee.com.my/image_not_available.jpg,6/07/2025
Protection Overnight Win…,RM12.50,26%,https://shopee.com.my/image_not_available.jpg,6/07/2025
,RM4.63,,https://shopee.com.my/image_not_available.jpg,6/07/2025
,RM11.40,,https://shopee.com.my/image_not_available.jpg,6/07/2025
Sea,RM26.50,,https://shopee.com.my/image_not_available.jpg,6/07/2025
Sea,RM13.50,,https://shopee.com.my/image_not_available.jpg,6/07/2025
Sea,RM3.57,,https://shopee.com.my/image_not_available.jpg,6/07/2025
Spearmint 35g,RM4.65,30%,https://shopee.com.my/image_not_available.jpg,6/07/2025
Antimos Pants Baby…,RM35.50,,https://shopee.com.my/image_not_available.jpg,6/07/2025
bacterial Foaming Hand…,RM9.69,30%,https://shopee.com.my/image_not_available.jpg,6/07/2025
Chocolate Stripes Peanut…,RM14.90,,https://shopee.com.my/image_not_available.jpg,6/07/2025
Detergent Odour Buster…,RM10.75,28%,https://shopee.com.my/image_not_available.jpg,6/07/2025
Chestnuts 𝘄𝗶𝘁𝗵𝗼𝘂𝘁 𝗦𝗵𝗲𝗹𝗹…,RM10.49,15%,https://shopee.com.my/image_not_available.jpg,6/07/2025
Gel Body Wash Assorted…,RM25.00,29%,https://shopee.com.my/image_not_available.jpg,6/07/2025
Drink Regular 160g,RM3.00,17%,https://shopee.com.my/image_not_available.jpg,6/07/2025
Crackers 𝗖𝗿𝗲𝗮𝗺 𝗖𝗿𝗮𝗰𝗸𝗲𝗿…,RM5.20,19%,https://shopee.com.my/image_not_available.jpg,6/07/2025
JIGS - Cheesy Cheese…,RM2.20,19%,https://shopee.com.my/image_not_available.jpg,6/07/2025
,RM9.80,,https://shopee.com.my/image_not_available.jpg,6/07/2025
,RM14.17,,https://shopee.com.my/image_not_available.jpg,6/07/2025
Sea,RM19.09,,https://shopee.com.my/image_not_available.jpg,6/07/2025
,RM3.83,,https://shopee.com.my/image_not_available.jpg,6/07/2025
,RM3.09,,https://shopee.com.my/image_not_available.jpg,6/07/2025
Softergent Sakura Bloom…,RM11.20,12%,https://shopee.com.my/image_not_available.jpg,6/07/2025
𝗞𝗿𝘂𝗻𝗰𝗵 Biscuit - Cranberr…,RM10.60,16%,https://shopee.com.my/image_not_available.jpg,6/07/2025
Panties M-L/L-XL - Perio…,RM12.50,10%,https://shopee.com.my/image_not_available.jpg,6/07/2025
Biscuit Stick (33g),RM3.38,18%,https://shopee.com.my/image_not_available.jpg,6/07/2025
Honey Cashewnut 40g,RM3.57,15%,https://shopee.com.my/image_not_available.jpg,6/07/2025
𝗯𝗮𝗰𝘁𝗲𝗿𝗶𝗮𝗹 Foaming Hand…,RM6.78,29%,https://shopee.com.my/image_not_available.jpg,6/07/2025
Cashew Nuts Mixed…,RM3.57,15%,https://shopee.com.my/image_not_available.jpg,6/07/2025
Cup Chicken 57g x 6 Cup…,RM11.90,15%,https://shopee.com.my/image_not_available.jpg,6/07/2025
AFC Original 450g (Halal),RM8.30,10%,https://shopee.com.my/image_not_available.jpg,6/07/2025
Crackers (390g),RM4.90,20%,https://shopee.com.my/image_not_available.jpg,6/07/2025
,RM3.00,,https://shopee.com.my/image_not_available.jpg,6/07/2025
Sea,RM4.59,,https://shopee.com.my/image_not_available.jpg,6/07/2025
,RM6.05,,https://shopee.com.my/image_not_available.jpg,6/07/2025
,RM4.59,,https://shopee.com.my/image_not_available.jpg,6/07/2025
Sea,RM5.89,,https://shopee.com.my/image_not_available.jpg,6/07/2025
Butter Sandwich 360g,RM9.30,15%,https://shopee.com.my/image_not_available.jpg,6/07/2025
Plus UHT Plain Milk 200…,RM10.67,23%,https://shopee.com.my/image_not_available.jpg,6/07/2025
Toilet Roll 2ply 20 Roll x…,RM17.15,12%,https://shopee.com.my/image_not_available.jpg,6/07/2025
Coaster - BBQ (60g),RM2.20,19%,https://shopee.com.my/image_not_available.jpg,6/07/2025
Plus Cholesterol Lowerin…,RM46.55,10%,https://shopee.com.my/image_not_available.jpg,6/07/2025
Toothpaste Triple Cavity…,RM10.39,29%,https://shopee.com.my/image_not_available.jpg,6/07/2025
Laundry Detergent Super…,RM34.09,29%,https://shopee.com.my/image_not_available.jpg,6/07/2025
Plus Milk Powder Lower…,RM47.11,11%,https://shopee.com.my/image_not_available.jpg,6/07/2025
Floss Braces Cleaning…,RM9.63,34%,https://shopee.com.my/image_not_available.jpg,6/07/2025
Crackers 331g,RM4.00,15%,https://shopee.com.my/image_not_available.jpg,6/07/2025
,RM11.69,,https://shopee.com.my/image_not_available.jpg,6/07/2025
,RM8.64,,https://shopee.com.my/image_not_available.jpg,6/07/2025
,RM18.70,,https://shopee.com.my/image_not_available.jpg,6/07/2025
Sea,RM5.69,,https://shopee.com.my/image_not_available.jpg,6/07/2025
,RM9.00,,https://shopee.com.my/image_not_available.jpg,6/07/2025
Rich 18g x 25s (Halal),RM16.20,4%,https://shopee.com.my/image_not_available.jpg,6/07/2025
Guide Banana 36g,RM5.69,22%,https://shopee.com.my/image_not_available.jpg,6/07/2025
Sambal Tumis 30g (Halal),RM1.43,11%,https://shopee.com.my/image_not_available.jpg,6/07/2025
Pants Super Jumbo Pack…,RM31.09,8%,https://shopee.com.my/image_not_available.jpg,6/07/2025
Maccheroni 400g,RM2.90,8%,https://shopee.com.my/image_not_available.jpg,6/07/2025
Price Range,RM MIN,,https://shopee.com.my/image_not_available.jpg,6/07/2025
RM MIN,RM MAX,,https://shopee.com.my/image_not_available.jpg,6/07/2025
Gel Ocean Escape 180g x…,RM15.21,24%,https://shopee.com.my/image_not_available.jpg,6/07/2025
Collagen Repair & Smoot…,RM5.18,32%,https://shopee.com.my/image_not_available.jpg,6/07/2025
Letter Chocolate (705g),RM19.70,12%,https://shopee.com.my/image_not_available.jpg,6/07/2025
Herbs Pasta Sauce 290g,RM5.15,13%,https://shopee.com.my/image_not_available.jpg,6/07/2025
Giler Cheezy Berapi Bowl…,RM4.80,4%,https://shopee.com.my/image_not_available.jpg,6/07/2025
,RM23.89,,https://shopee.com.my/image_not_available.jpg,6/07/2025
,RM4.59,,https://shopee.com.my/image_not_available.jpg,6/07/2025
,RM4.60,,https://shopee.com.my/image_not_available.jpg,6/07/2025
Sea,RM16.51,,https://shopee.com.my/image_not_available.jpg,6/07/2025
Sea,RM36.75,,https://shopee.com.my/image_not_available.jpg,6/07/2025
Refreshing Mint 100ML,RM19.20,20%,https://shopee.com.my/image_not_available.jpg,6/07/2025
𝗝𝘂𝗺𝗯𝗼 (700ml),RM13.29,30%,https://shopee.com.my/image_not_available.jpg,6/07/2025
Double Chocolate…,RM6.15,15%,https://shopee.com.my/image_not_available.jpg,6/07/2025
Oil 300ml,RM14.93,21%,https://shopee.com.my/image_not_available.jpg,6/07/2025
Pink Guava & Strawberry…,RM13.99,26%,https://shopee.com.my/image_not_available.jpg,6/07/2025
Price Range,RM MIN,,https://shopee.com.my/image_not_available.jpg,6/07/2025
RM MIN,RM MAX,,https://shopee.com.my/image_not_available.jpg,6/07/2025
Hand Wash Refill Pouch…,RM6.68,7%,https://shopee.com.my/image_not_available.jpg,6/07/2025
Micro-Clean Tech With…,RM10.75,28%,https://shopee.com.my/image_not_available.jpg,6/07/2025
UltraThin Bristles Gentle…,RM11.00,29%,https://shopee.com.my/image_not_available.jpg,6/07/2025
Laundry Detergent Silky…,RM22.88,31%,https://shopee.com.my/image_not_available.jpg,6/07/2025
Fresh Berries Refill…,RM16.09,23%,https://shopee.com.my/image_not_available.jpg,6/07/2025
,RM3.65,,https://shopee.com.my/image_not_available.jpg,6/07/2025
,RM9.69,,https://shopee.com.my/image_not_available.jpg,6/07/2025
,RM27.10,,https://shopee.com.my/image_not_available.jpg,6/07/2025
Sea,RM16.72,,https://shopee.com.my/image_not_available.jpg,6/07/2025
Sea,RM20.29,,https://shopee.com.my/image_not_available.jpg,6/07/2025
Adult 50g,RM4.39,40%,https://shopee.com.my/image_not_available.jpg,6/07/2025
Cereal Bar 23.5g x 24s…,RM49.65,17%,https://shopee.com.my/image_not_available.jpg,6/07/2025
Loops Cereal 285g,RM14.95,7%,https://shopee.com.my/image_not_available.jpg,6/07/2025
Biscuit Stick 31g (1pack),RM1.69,23%,https://shopee.com.my/image_not_available.jpg,6/07/2025
Parfum Passion…,RM22.83,33%,https://shopee.com.my/image_not_available.jpg,6/07/2025
Price Range,RM MIN,,https://shopee.com.my/image_not_available.jpg,6/07/2025
RM MIN,RM MAX,,https://shopee.com.my/image_not_available.jpg,6/07/2025
Choco Coated Cream…,RM9.90,16%,https://shopee.com.my/image_not_available.jpg,6/07/2025
Koolfever Cooling Gel…,RM15.26,3%,https://shopee.com.my/image_not_available.jpg,6/07/2025
Drypants Double…,RM40.00,6%,https://shopee.com.my/image_not_available.jpg,6/07/2025
Gel Body Wash Assorted…,RM35.87,27%,https://shopee.com.my/image_not_available.jpg,6/07/2025
𝗖𝗵𝗮𝗺𝗯𝗲𝗿 2g x 100s,RM13.35,7%,https://shopee.com.my/image_not_available.jpg,6/07/2025
,RM44.87,,https://shopee.com.my/image_not_available.jpg,6/07/2025
,RM7.43,,https://shopee.com.my/image_not_available.jpg,6/07/2025
,RM10.40,,https://shopee.com.my/image_not_available.jpg,6/07/2025
Sea,RM15.26,,https://shopee.com.my/image_not_available.jpg,6/07/2025
,RM7.94,,https://shopee.com.my/image_not_available.jpg,6/07/2025
Krunch Cereal Bar 25g x …,RM8.64,4%,https://shopee.com.my/image_not_available.jpg,6/07/2025
Hand Wash Refill Pouch…,RM6.68,7%,https://shopee.com.my/image_not_available.jpg,6/07/2025
Chicken 103g x 5 Packs…,RM6.44,9%,https://shopee.com.my/image_not_available.jpg,6/07/2025
Creamy Latte 31g x 12s…,RM14.73,17%,https://shopee.com.my/image_not_available.jpg,6/07/2025
Mushroom 290g,RM5.15,13%,https://shopee.com.my/image_not_available.jpg,6/07/2025
Krunch Biscuit (390g,RM9.30,26%,https://shopee.com.my/image_not_available.jpg,6/07/2025
Rasa All-in-One Seasonin,RM7.53,24%,https://shopee.com.my/image_not_available.jpg,6/07/2025
Rasa All-in-One Seasonin,RM5.68,24%,https://shopee.com.my/image_not_available.jpg,6/07/2025
Cup Curry Flavor 58g x 6,RM10.86,22%,https://shopee.com.my/image_not_available.jpg,6/07/2025
Classic Refill Pack 100g,RM13.43,12%,https://shopee.com.my/image_not_available.jpg,6/07/2025
,RM3.09,,https://shopee.com.my/image_not_available.jpg,6/07/2025
,RM12.21,,https://shopee.com.my/image_not_available.jpg,6/07/2025
Sea,RM13.35,,https://shopee.com.my/image_not_available.jpg,6/07/2025
Sea,RM13.00,,https://shopee.com.my/image_not_available.jpg,6/07/2025
Sea,RM24.55,,https://shopee.com.my/image_not_available.jpg,6/07/2025
Dutch Lady UHT Milk Full,RM23.59,11%,https://shopee.com.my/image_not_available.jpg,6/07/2025
Classic Refill Pack 300g,RM33.67,12%,https://shopee.com.my/image_not_available.jpg,6/07/2025
Classic Decaf Water Dec,RM19.68,11%,https://shopee.com.my/image_not_available.jpg,6/07/2025
Rasa All-in-One Seasonin,RM2.89,22%,https://shopee.com.my/image_not_available.jpg,6/07/2025
Aroma Classic Refill Pac,RM24.15,10%,https://shopee.com.my/image_not_available.jpg,6/07/2025
Cornflakes Cereal 500g,RM11.74,21%,https://shopee.com.my/image_not_available.jpg,6/07/2025
EVERYDAY FMP Softpac,RM42.14,20%,https://shopee.com.my/image_not_available.jpg,6/07/2025
Chicken Carbonara Rame,RM23.65,19%,https://shopee.com.my/image_not_available.jpg,6/07/2025
Giler Ayam Bakar 76g x 5,RM8.85,11%,https://shopee.com.my/image_not_available.jpg,6/07/2025
Concentrate Regular 2L,RM23.85,15%,https://shopee.com.my/image_not_available.jpg,6/07/2025
Family Pack,RM10.29,18%,https://shopee.com.my/image_not_available.jpg,6/07/2025
Drink Mixed Berries 125,RM14.59,23%,https://shopee.com.my/image_not_available.jpg,6/07/2025
Plus Acticol Milk Powder,RM41.16,22%,https://shopee.com.my/image_not_available.jpg,6/07/2025
Activ-Go HCL2.0 Energy,RM20.84,15%,https://shopee.com.my/image_not_available.jpg,6/07/2025
NESTLE Milo Chocolate,RM49.15,12%,https://shopee.com.my/image_not_available.jpg,6/07/2025
Price Range,RM MIN,,https://shopee.com.my/image_not_available.jpg,6/07/2025
RM MIN,RM MAX,,https://shopee.com.my/image_not_available.jpg,6/07/2025
Granola Oats Cranberry,RM16.86,8%,https://shopee.com.my/image_not_available.jpg,6/07/2025
Arabica & Robusta Jar,RM43.57,12%,https://shopee.com.my/image_not_available.jpg,6/07/2025
Ambi Pur Fabric Refreshe,RM10.70,23%,https://shopee.com.my/image_not_available.jpg,6/07/2025
Freshener Downy Room,RM15.19,24%,https://shopee.com.my/image_not_available.jpg,6/07/2025
Korean Spicy Goreng 87g,RM9.03,5%,https://shopee.com.my/image_not_available.jpg,6/07/2025
,RM10.18,,https://shopee.com.my/image_not_available.jpg,6/07/2025
,RM3.99,,https://shopee.com.my/image_not_available.jpg,6/07/2025
Sea,RM9.95,,https://shopee.com.my/image_not_available.jpg,6/07/2025
Sea,RM2.19,,https://shopee.com.my/image_not_available.jpg,6/07/2025
Sea,RM20.56,,https://shopee.com.my/image_not_available.jpg,6/07/2025
Sugar-Free 2 In 1 Coffee,RM9.50,22%,https://shopee.com.my/image_not_available.jpg,6/07/2025
Drink Mixed Berries 125,RM3.99,33%,https://shopee.com.my/image_not_available.jpg,6/07/2025
𝗯𝗮𝗰𝘁𝗲𝗿𝗶𝗮𝗹 Foaming Hand,RM6.78,29%,https://shopee.com.my/image_not_available.jpg,6/07/2025
Syiok Tom Yam Kaw 96g,RM3.65,21%,https://shopee.com.my/image_not_available.jpg,6/07/2025
Softener Blooming Garde,RM6.64,10%,https://shopee.com.my/image_not_available.jpg,6/07/2025
Price Range,RM MIN,,https://shopee.com.my/image_not_available.jpg,6/07/2025
RM MIN,RM MAX,,https://shopee.com.my/image_not_available.jpg,6/07/2025
Awaken Mind Classic Jar,RM14.55,20%,https://shopee.com.my/image_not_available.jpg,6/07/2025
Spaghetti 500G,RM6.78,20%,https://shopee.com.my/image_not_available.jpg,6/07/2025
Libresse Maxi Night Wing,RM14.65,29%,https://shopee.com.my/image_not_available.jpg,6/07/2025
Revitalizing Cream,RM11.70,31%,https://shopee.com.my/image_not_available.jpg,6/07/2025
Chicken Stock Cube 120,RM5.37,11%,https://shopee.com.my/image_not_available.jpg,6/07/2025
,RM18.31,,https://shopee.com.my/image_not_available.jpg,6/07/2025
,RM5.38,,https://shopee.com.my/image_not_available.jpg,6/07/2025
Sea,RM11.85,,https://shopee.com.my/image_not_available.jpg,6/07/2025
,RM4.80,,https://shopee.com.my/image_not_available.jpg,6/07/2025
,RM8.69,,https://shopee.com.my/image_not_available.jpg,6/07/2025
Peanut & Raisin 70g,RM2.40,25%,https://shopee.com.my/image_not_available.jpg,6/07/2025
Cup Granola Mixed Berrie,RM7.20,19%,https://shopee.com.my/image_not_available.jpg,6/07/2025
Elegant Blossom And Ou,RM16.09,23%,https://shopee.com.my/image_not_available.jpg,6/07/2025
Cheese 290g,RM6.35,12%,https://shopee.com.my/image_not_available.jpg,6/07/2025
Sour Cream & Onion 102g,RM6.44,13%,https://shopee.com.my/image_not_available.jpg,6/07/2025
Price Range,RM MIN,,https://shopee.com.my/image_not_available.jpg,6/07/2025
RM MIN,RM MAX,,https://shopee.com.my/image_not_available.jpg,6/07/2025
White Exfoliating Mineral,RM21.08,23%,https://shopee.com.my/image_not_available.jpg,6/07/2025
Detergent Brilliant White,RM10.75,28%,https://shopee.com.my/image_not_available.jpg,6/07/2025
Arabica Jar 100g (Halal,RM24.98,10%,https://shopee.com.my/image_not_available.jpg,6/07/2025
Dishwashing Liquid Refill,RM5.59,29%,https://shopee.com.my/image_not_available.jpg,6/07/2025
Low Cutting Force,RM55.50,25%,https://shopee.com.my/image_not_available.jpg,6/07/2025
,RM2.20,,https://shopee.com.my/image_not_available.jpg,6/07/2025
,RM16.51,,https://shopee.com.my/image_not_available.jpg,6/07/2025
Sea,RM9.39,,https://shopee.com.my/image_not_available.jpg,6/07/2025
,RM3.90,,https://shopee.com.my/image_not_available.jpg,6/07/2025
Sea,RM11.40,,https://shopee.com.my/image_not_available.jpg,6/07/2025
TomYamKaw 88g x 5,RM8.30,7%,https://shopee.com.my/image_not_available.jpg,6/07/2025
Embrace Green Razor 1,RM42.50,,https://shopee.com.my/image_not_available.jpg,6/07/2025
Rolled Oats 800g,RM9.55,11%,https://shopee.com.my/image_not_available.jpg,6/07/2025
Skinguard Blade Refills 4s,RM45.20,30%,https://shopee.com.my/image_not_available.jpg,6/07/2025
Maximum Cavity,RM20.47,12%,https://shopee.com.my/image_not_available.jpg,6/07/2025
80s,RM10.25,8%,https://shopee.com.my/image_not_available.jpg,6/07/2025
Instant 4in1 Double Oat,RM9.01,20%,https://shopee.com.my/image_not_available.jpg,6/07/2025
𝗦𝗼𝘂𝗿 𝗖𝗿𝗲𝗮𝗺 & 𝗢𝗻𝗶𝗼𝗻,RM3.20,9%,https://shopee.com.my/image_not_available.jpg,6/07/2025
Naturals Anti Dandruff,RM9.55,18%,https://shopee.com.my/image_not_available.jpg,6/07/2025
Freshener Refreshing,RM5.45,30%,https://shopee.com.my/image_not_available.jpg,6/07/2025
Libresse SecureFit,RM15.00,27%,https://shopee.com.my/image_not_available.jpg,6/07/2025
Laundry Detergent Silky,RM20.29,42%,https://shopee.com.my/image_not_available.jpg,6/07/2025
Cologne Happy Berries,RM8.07,23%,https://shopee.com.my/image_not_available.jpg,6/07/2025
Kopitiam Smooth Roast,RM16.69,20%,https://shopee.com.my/image_not_available.jpg,6/07/2025
Parfum Mystique,RM22.83,33%,https://shopee.com.my/image_not_available.jpg,6/07/2025
Price Range,RM MIN,,https://shopee.com.my/image_not_available.jpg,6/07/2025
RM MIN,RM MAX,,https://shopee.com.my/image_not_available.jpg,6/07/2025
Arabica & Robusta 2 In 1,RM13.00,27%,https://shopee.com.my/image_not_available.jpg,6/07/2025
Syiok Cili Ala Kampung,RM3.55,23%,https://shopee.com.my/image_not_available.jpg,6/07/2025
Cook Mac & Cheese 70g,RM3.90,15%,https://shopee.com.my/image_not_available.jpg,6/07/2025
Declogger 500ml,RM13.27,21%,https://shopee.com.my/image_not_available.jpg,6/07/2025
Moisture Fresh 𝗙𝗹𝗼𝗿𝗮𝗹,RM10.09,37%,https://shopee.com.my/image_not_available.jpg,6/07/2025
,RM9.25,,https://shopee.com.my/image_not_available.jpg,6/07/2025
,RM6.25,,https://shopee.com.my/image_not_available.jpg,6/07/2025
,RM7.99,,https://shopee.com.my/image_not_available.jpg,6/07/2025
,RM7.95,,https://shopee.com.my/image_not_available.jpg,6/07/2025
,RM14.65,,https://shopee.com.my/image_not_available.jpg,6/07/2025
Sensitive Pro Relief,RM18.99,28%,https://shopee.com.my/image_not_available.jpg,6/07/2025
Strength Fabric Refresher,RM18.40,23%,https://shopee.com.my/image_not_available.jpg,6/07/2025
Dishwashing Paste,RM4.16,18%,https://shopee.com.my/image_not_available.jpg,6/07/2025
Honey Lemon 250ml x 6s,RM8.05,6%,https://shopee.com.my/image_not_available.jpg,6/07/2025
Tomato Sauce 415g,RM6.35,20%,https://shopee.com.my/image_not_available.jpg,6/07/2025
Price Range,RM MIN,,https://shopee.com.my/image_not_available.jpg,6/07/2025
RM MIN,RM MAX,,https://shopee.com.my/image_not_available.jpg,6/07/2025
Softener Luxurious Violet,RM6.84,7%,https://shopee.com.my/image_not_available.jpg,6/07/2025
Tissue 2ply 200s x 4,RM17.09,11%,https://shopee.com.my/image_not_available.jpg,6/07/2025
NoArtificialColours Pasta,RM10.35,19%,https://shopee.com.my/image_not_available.jpg,6/07/2025
,RM67.99,10%,https://shopee.com.my/image_not_available.jpg,6/07/2025
Hours Relief Cold,RM8.16,24%,https://shopee.com.my/image_not_available.jpg,6/07/2025
,RM19.90,,https://shopee.com.my/image_not_available.jpg,6/07/2025
Sea,RM8.80,,https://shopee.com.my/image_not_available.jpg,6/07/2025
,RM9.90,,https://shopee.com.my/image_not_available.jpg,6/07/2025
,RM26.69,,https://shopee.com.my/image_not_available.jpg,6/07/2025
,RM38.90,,https://shopee.com.my/image_not_available.jpg,6/07/2025
Tea 𝟯𝗶𝗻𝟭 White Milk Tea,RM17.39,18%,https://shopee.com.my/image_not_available.jpg,6/07/2025
Fun Pack Cereal (130g x,RM8.85,11%,https://shopee.com.my/image_not_available.jpg,6/07/2025
Chicken Quattro Cheese,RM21.90,18%,https://shopee.com.my/image_not_available.jpg,6/07/2025
Chocolate Cappuccino,RM6.50,27%,https://shopee.com.my/image_not_available.jpg,6/07/2025
Extra Pedas 395g,RM5.65,18%,https://shopee.com.my/image_not_available.jpg,6/07/2025
Price Range,RM MIN,,https://shopee.com.my/image_not_available.jpg,6/07/2025
RM MIN,RM MAX,,https://shopee.com.my/image_not_available.jpg,6/07/2025
Drink Mango 125ml x 20s,RM14.59,23%,https://shopee.com.my/image_not_available.jpg,6/07/2025
ROAST Indulgence Salted,RM14.50,3%,https://shopee.com.my/image_not_available.jpg,6/07/2025
Cooling Gel Sheet For,RM14.16,5%,https://shopee.com.my/image_not_available.jpg,6/07/2025
theraphy rosy balm 10g,RM14.00,22%,https://shopee.com.my/image_not_available.jpg,6/07/2025
Goreng Spicy'licious 86g,RM4.89,25%,https://shopee.com.my/image_not_available.jpg,6/07/2025
,RM10.75,,https://shopee.com.my/image_not_available.jpg,6/07/2025
Sea,RM11.90,,https://shopee.com.my/image_not_available.jpg,6/07/2025
,RM22.95,,https://shopee.com.my/image_not_available.jpg,6/07/2025
Sea,RM5.39,,https://shopee.com.my/image_not_available.jpg,6/07/2025
Sea,RM7.99,,https://shopee.com.my/image_not_available.jpg,6/07/2025
𝗠𝗼𝗶𝘀𝘁𝘂𝗿𝗲 𝗙𝗿𝗲𝘀𝗵 Shower,RM7.19,33%,https://shopee.com.my/image_not_available.jpg,6/07/2025
Bacterial Wet Wipes 10s,RM12.52,16%,https://shopee.com.my/image_not_available.jpg,6/07/2025
Fabric Softener French,RM5.39,18%,https://shopee.com.my/image_not_available.jpg,6/07/2025
Laundry Detergent Silky,RM10.75,28%,https://shopee.com.my/image_not_available.jpg,6/07/2025
Blackcurrant STD 300ml,RM6.20,22%,https://shopee.com.my/image_not_available.jpg,6/07/2025
Price Range,RM MIN,,https://shopee.com.my/image_not_available.jpg,6/07/2025
RM MIN,RM MAX,,https://shopee.com.my/image_not_available.jpg,6/07/2025
Toothbrush Super Value,RM6.68,33%,https://shopee.com.my/image_not_available.jpg,6/07/2025
Parfum Adorable Bouque,RM16.35,33%,https://shopee.com.my/image_not_available.jpg,6/07/2025
Can Regular 320ml,RM2.45,18%,https://shopee.com.my/image_not_available.jpg,6/07/2025
𝗦𝘁𝗶𝗰𝗸 Salted 100g,RM5.71,16%,https://shopee.com.my/image_not_available.jpg,6/07/2025
Towel 60s x 6roll,RM13.20,11%,https://shopee.com.my/image_not_available.jpg,6/07/2025
,RM2.52,,https://shopee.com.my/image_not_available.jpg,6/07/2025
,RM19.59,,https://shopee.com.my/image_not_available.jpg,6/07/2025
,RM26.18,,https://shopee.com.my/image_not_available.jpg,6/07/2025
Sea,RM4.19,,https://shopee.com.my/image_not_available.jpg,6/07/2025
Sea,RM5.65,,https://shopee.com.my/image_not_available.jpg,6/07/2025
Cereal 300g (Halal,RM10.25,21%,https://shopee.com.my/image_not_available.jpg,6/07/2025
Fresh Air Refreshing Gel,RM7.95,24%,https://shopee.com.my/image_not_available.jpg,6/07/2025
Mint Mouthwash Twin,RM31.88,32%,https://shopee.com.my/image_not_available.jpg,6/07/2025
Magical Bloom 3.8kg,RM16.39,29%,https://shopee.com.my/image_not_available.jpg,6/07/2025
Bud Skincare 640 Tips,RM2.79,15%,https://shopee.com.my/image_not_available.jpg,6/07/2025
Price Range,RM MIN,,https://shopee.com.my/image_not_available.jpg,6/07/2025
RM MIN,RM MAX,,https://shopee.com.my/image_not_available.jpg,6/07/2025
Mushroom Pasta Sauce,RM7.45,10%,https://shopee.com.my/image_not_available.jpg,6/07/2025
Guide Organic Sweet,RM7.16,23%,https://shopee.com.my/image_not_available.jpg,6/07/2025
Kids Shiny Drops,RM17.43,26%,https://shopee.com.my/image_not_available.jpg,6/07/2025
Chocolate Funsize (20g x,RM11.88,20%,https://shopee.com.my/image_not_available.jpg,6/07/2025
Marble & Terrazzo Floor,RM20.89,22%,https://shopee.com.my/image_not_available.jpg,6/07/2025
,RM6.38,,https://shopee.com.my/image_not_available.jpg,6/07/2025
Sea,RM6.35,,https://shopee.com.my/image_not_available.jpg,6/07/2025
Sea,RM20.80,,https://shopee.com.my/image_not_available.jpg,6/07/2025
Sea,RM7.29,,https://shopee.com.my/image_not_available.jpg,6/07/2025
,RM4.80,,https://shopee.com.my/image_not_available.jpg,6/07/2025
Absorption Core Adult,RM15.19,29%,https://shopee.com.my/image_not_available.jpg,6/07/2025
Samyang Hot Chicken,RM47.40,38%,https://shopee.com.my/image_not_available.jpg,6/07/2025
1 Coffee Mix Regular (25,RM7.90,35%,https://shopee.com.my/image_not_available.jpg,6/07/2025
Clean Fresh Shower Foa,RM7.19,33%,https://shopee.com.my/image_not_available.jpg,6/07/2025
Ambi Pur Room Fresh Ge,RM15.60,22%,https://shopee.com.my/image_not_available.jpg,6/07/2025
Price Range,RM MIN,,https://shopee.com.my/image_not_available.jpg,6/07/2025
RM MIN,RM MAX,,https://shopee.com.my/image_not_available.jpg,6/07/2025
Lime Dishwash Liquid 4.5L,RM30.39,13%,https://shopee.com.my/image_not_available.jpg,6/07/2025
Wafer Sticks Strawberry,RM8.80,10%,https://shopee.com.my/image_not_available.jpg,6/07/2025
Toiletbowl Botanical,RM10.59,22%,https://shopee.com.my/image_not_available.jpg,6/07/2025
Hand Wash Uplift (250ml,RM21.47,20%,https://shopee.com.my/image_not_available.jpg,6/07/2025
Intensive SPF 24,RM41.33,34%,https://shopee.com.my/image_not_available.jpg,6/07/2025
,RM2.84,,https://shopee.com.my/image_not_available.jpg,6/07/2025
,RM8.39,,https://shopee.com.my/image_not_available.jpg,6/07/2025
Sea,RM12.00,,https://shopee.com.my/image_not_available.jpg,6/07/2025
,RM7.36,,https://shopee.com.my/image_not_available.jpg,6/07/2025
Sea,RM9.39,,https://shopee.com.my/image_not_available.jpg,6/07/2025
Colour 1.5kg,RM11.70,8%,https://shopee.com.my/image_not_available.jpg,6/07/2025
Jasmine Green Tea 2g x,RM12.05,9%,https://shopee.com.my/image_not_available.jpg,6/07/2025
Kotex Anti-Bacteria,RM16.10,11%,https://shopee.com.my/image_not_available.jpg,6/07/2025
Honey Yuzu 1.5L,RM7.10,6%,https://shopee.com.my/image_not_available.jpg,6/07/2025
3in1 Brown Sugar White,RM15.69,15%,https://shopee.com.my/image_not_available.jpg,6/07/2025
Price Range,RM MIN,,https://shopee.com.my/image_not_available.jpg,6/07/2025
RM MIN,RM MAX,,https://shopee.com.my/image_not_available.jpg,6/07/2025
Strawberry Corn Flakes,RM7.75,13%,https://shopee.com.my/image_not_available.jpg,6/07/2025
Tropical Jumbo (700ml,RM13.99,26%,https://shopee.com.my/image_not_available.jpg,6/07/2025
Macaroni 400g,RM3.40,14%,https://shopee.com.my/image_not_available.jpg,6/07/2025
Sandwich Biscuit - 𝗦𝗮𝗹𝘁𝗲𝗱,RM9.90,16%,https://shopee.com.my/image_not_available.jpg,6/07/2025
Gift Dried Raisins with,RM5.39,18%,https://shopee.com.my/image_not_available.jpg,6/07/2025
,RM18.75,,https://shopee.com.my/image_not_available.jpg,6/07/2025
,RM7.56,,https://shopee.com.my/image_not_available.jpg,6/07/2025
,RM22.72,,https://shopee.com.my/image_not_available.jpg,6/07/2025
Sea,RM18.40,,https://shopee.com.my/image_not_available.jpg,6/07/2025
,RM23.16,,https://shopee.com.my/image_not_available.jpg,6/07/2025
Ambi Pur Luxe Car Air,RM16.51,33%,https://shopee.com.my/image_not_available.jpg,6/07/2025
Berries Jumbo (700ml,RM13.99,26%,https://shopee.com.my/image_not_available.jpg,6/07/2025
Kotex Natural Care Maxi,RM16.10,11%,https://shopee.com.my/image_not_available.jpg,6/07/2025
Toothpaste Cavity,RM6.78,28%,https://shopee.com.my/image_not_available.jpg,6/07/2025
1 Latte 25g x 12s,RM13.00,27%,https://shopee.com.my/image_not_available.jpg,6/07/2025
Premium Mixes Caff,RM12.90,2%,https://shopee.com.my/image_not_available.jpg,6/07/2025
Caramelly Smooth,RM11.34,14%,https://shopee.com.my/image_not_available.jpg,6/07/2025
Goreng Asli Jumbo 139g,RM6.29,15%,https://shopee.com.my/image_not_available.jpg,6/07/2025
Krunch Cereal 450g (Halal,RM13.62,22%,https://shopee.com.my/image_not_available.jpg,6/07/2025
Activ-Go HCL2.0 1.8kg,RM36.75,20%,https://shopee.com.my/image_not_available.jpg,6/07/2025
,RM3.40,,https://shopee.com.my/image_not_available.jpg,6/07/2025
,RM119.90,,https://shopee.com.my/image_not_available.jpg,6/07/2025
,RM16.00,,https://shopee.com.my/image_not_available.jpg,6/07/2025
Sea,RM15.69,,https://shopee.com.my/image_not_available.jpg,6/07/2025
,RM2.89,,https://shopee.com.my/image_not_available.jpg,6/07/2025
Goreng Asli 90g x 5 Pack,RM5.73,12%,https://shopee.com.my/image_not_available.jpg,6/07/2025
Pack Cereal 140g (Halal,RM9.23,7%,https://shopee.com.my/image_not_available.jpg,6/07/2025
Classic Arabica&Robusta,RM24.15,10%,https://shopee.com.my/image_not_available.jpg,6/07/2025
Cappuccino 18g x 4s,RM12.90,2%,https://shopee.com.my/image_not_available.jpg,6/07/2025
HUGGIES AirSoft Tape,RM135.00,22%,https://shopee.com.my/image_not_available.jpg,6/07/2025
Price Range,RM MIN,,https://shopee.com.my/image_not_available.jpg,6/07/2025
RM MIN,RM MAX,,https://shopee.com.my/image_not_available.jpg,6/07/2025
Gentle Preemie Baby,RM16.90,16%,https://shopee.com.my/image_not_available.jpg,6/07/2025
Cleaner Lemongrass,RM12.15,30%,https://shopee.com.my/image_not_available.jpg,6/07/2025
Pesto Alla Genovese Pas,RM21.15,15%,https://shopee.com.my/image_not_available.jpg,6/07/2025
Noodles Economy Pack,RM6.87,13%,https://shopee.com.my/image_not_available.jpg,6/07/2025
Calcium Boost Pluz UHT,RM11.53,8%,https://shopee.com.my/image_not_available.jpg,6/07/2025
,RM31.40,,https://shopee.com.my/image_not_available.jpg,6/07/2025
,RM14.50,,https://shopee.com.my/image_not_available.jpg,6/07/2025
Sea,RM10.69,,https://shopee.com.my/image_not_available.jpg,6/07/2025
Sea,RM13.00,,https://shopee.com.my/image_not_available.jpg,6/07/2025
Sea,RM8.04,,https://shopee.com.my/image_not_available.jpg,6/07/2025
𝗦𝗵𝗼𝗿𝘁𝗯𝗿𝗲𝗮𝗱 Finger 150g,RM20.35,21%,https://shopee.com.my/image_not_available.jpg,6/07/2025
Ambi Pur Fabric Refreshe,RM18.40,23%,https://shopee.com.my/image_not_available.jpg,6/07/2025
Yogi Chocolate with,RM2.39,15%,https://shopee.com.my/image_not_available.jpg,6/07/2025
Tea 400g,RM11.80,8%,https://shopee.com.my/image_not_available.jpg,6/07/2025
Kitchen Dishwash Liquid,RM11.11,32%,https://shopee.com.my/image_not_available.jpg,6/07/2025
Price Range,RM MIN,,https://shopee.com.my/image_not_available.jpg,6/07/2025
RM MIN,RM MAX,,https://shopee.com.my/image_not_available.jpg,6/07/2025
Powder Detergent 3.8kg,RM16.39,29%,https://shopee.com.my/image_not_available.jpg,6/07/2025
Parfum Concentrated,RM5.39,20%,https://shopee.com.my/image_not_available.jpg,6/07/2025
Body Scrub - White Turni,RM7.29,9%,https://shopee.com.my/image_not_available.jpg,6/07/2025
Milk Chocolate 1L [Exp 1,RM5.89,25%,https://shopee.com.my/image_not_available.jpg,6/07/2025
Peony & Berry Bliss,RM18.09,23%,https://shopee.com.my/image_not_available.jpg,6/07/2025
,RM14.24,,https://shopee.com.my/image_not_available.jpg,6/07/2025
,RM4.90,,https://shopee.com.my/image_not_available.jpg,6/07/2025
,RM5.10,,https://shopee.com.my/image_not_available.jpg,6/07/2025
Sea,RM16.09,,https://shopee.com.my/image_not_available.jpg,6/07/2025
,RM5.89,,https://shopee.com.my/image_not_available.jpg,6/07/2025
Detergent Colour Protect,RM20.29,42%,https://shopee.com.my/image_not_available.jpg,6/07/2025
Sawaday Fragrance Liqui,RM8.69,3%,https://shopee.com.my/image_not_available.jpg,6/07/2025
Krunch Cereal Bar 25g x,RM49.65,17%,https://shopee.com.my/image_not_available.jpg,6/07/2025
Bright Serum Twin Pack,RM25.40,,https://shopee.com.my/image_not_available.jpg,6/07/2025
Butter 𝗖𝗵𝗼𝗰𝗼𝗹𝗮𝘁𝗲,RM6.19,17%,https://shopee.com.my/image_not_available.jpg,6/07/2025
Price Range,RM MIN,,https://shopee.com.my/image_not_available.jpg,6/07/2025
RM MIN,RM MAX,,https://shopee.com.my/image_not_available.jpg,6/07/2025
Robusta Kopi O 16g x 15,RM9.70,10%,https://shopee.com.my/image_not_available.jpg,6/07/2025
Gold+ Super Jumbo Pack,RM30.50,10%,https://shopee.com.my/image_not_available.jpg,6/07/2025
Surface Cleaner Spray,RM17.55,5%,https://shopee.com.my/image_not_available.jpg,6/07/2025
Free Goodnes Dairy Free,RM10.65,11%,https://shopee.com.my/image_not_available.jpg,6/07/2025
𝗛𝗶𝗺𝗮𝗹𝗮𝘆𝗮𝗻 𝗣𝗶𝗻𝗸 𝗥𝗼𝗰𝗸 𝗦𝗮𝗹,RM2.29,23%,https://shopee.com.my/image_not_available.jpg,6/07/2025
,RM6.19,,https://shopee.com.my/image_not_available.jpg,6/07/2025
Sea,RM10.36,,https://shopee.com.my/image_not_available.jpg,6/07/2025
,RM29.95,,https://shopee.com.my/image_not_available.jpg,6/07/2025
Sea,RM13.39,,https://shopee.com.my/image_not_available.jpg,6/07/2025
,RM21.62,,https://shopee.com.my/image_not_available.jpg,6/07/2025
Hand Wash Skincare Refi,RM12.55,7%,https://shopee.com.my/image_not_available.jpg,6/07/2025
Milk Strawberry 1L [Exp 2,RM6.29,20%,https://shopee.com.my/image_not_available.jpg,6/07/2025
White Exfoliating Mineral,RM11.92,23%,https://shopee.com.my/image_not_available.jpg,6/07/2025
Pasta Sauce 680g,RM13.05,13%,https://shopee.com.my/image_not_available.jpg,6/07/2025
Aroma Therapy Shower,RM7.67,15%,https://shopee.com.my/image_not_available.jpg,6/07/2025
Price Range,RM MIN,,https://shopee.com.my/image_not_available.jpg,6/07/2025
RM MIN,RM MAX,,https://shopee.com.my/image_not_available.jpg,6/07/2025
Action Cleaner Refill,RM10.85,9%,https://shopee.com.my/image_not_available.jpg,6/07/2025
Milk 189g,RM4.90,11%,https://shopee.com.my/image_not_available.jpg,6/07/2025
Clip Car Air Freshener,RM11.00,31%,https://shopee.com.my/image_not_available.jpg,6/07/2025
Cleaner Lavender,RM12.15,30%,https://shopee.com.my/image_not_available.jpg,6/07/2025
Soft Hair Shampoo,RM9.75,12%,https://shopee.com.my/image_not_available.jpg,6/07/2025
,RM23.42,,https://shopee.com.my/image_not_available.jpg,6/07/2025
Sea,RM6.00,,https://shopee.com.my/image_not_available.jpg,6/07/2025
Sea,RM17.99,,https://shopee.com.my/image_not_available.jpg,6/07/2025
,RM5.39,,https://shopee.com.my/image_not_available.jpg,6/07/2025
,RM25.01,,https://shopee.com.my/image_not_available.jpg,6/07/2025
𝗜𝗻𝘀𝘁𝗮𝗻𝘁 𝟯𝗶𝗻𝟭 Premix Teh,RM17.39,18%,https://shopee.com.my/image_not_available.jpg,6/07/2025
Detergent Stain Buster,RM20.29,42%,https://shopee.com.my/image_not_available.jpg,6/07/2025
2in1 Ice Choco Hazelnut,RM8.90,23%,https://shopee.com.my/image_not_available.jpg,6/07/2025
Chocolate Cup 53g,RM3.90,43%,https://shopee.com.my/image_not_available.jpg,6/07/2025
Concentrate Fabric,RM24.60,,https://shopee.com.my/image_not_available.jpg,6/07/2025
Price Range,RM MIN,,https://shopee.com.my/image_not_available.jpg,6/07/2025
RM MIN,RM MAX,,https://shopee.com.my/image_not_available.jpg,6/07/2025
Gum Health Care Extra,RM21.04,25%,https://shopee.com.my/image_not_available.jpg,6/07/2025
Tissue Soft Pack Limited,RM10.90,16%,https://shopee.com.my/image_not_available.jpg,6/07/2025
Calbee - Smoky BBQ (60g,RM2.79,34%,https://shopee.com.my/image_not_available.jpg,6/07/2025
Mustard 100% Natural Fs,RM10.70,22%,https://shopee.com.my/image_not_available.jpg,6/07/2025
Lizard Repellent 500ml,RM20.59,23%,https://shopee.com.my/image_not_available.jpg,6/07/2025
,RM3.35,,https://shopee.com.my/image_not_available.jpg,6/07/2025
Sea,RM13.29,,https://shopee.com.my/image_not_available.jpg,6/07/2025
Sea,RM2.90,,https://shopee.com.my/image_not_available.jpg,6/07/2025
,RM16.15,,https://shopee.com.my/image_not_available.jpg,6/07/2025
,RM999.00,,https://shopee.com.my/image_not_available.jpg,6/07/2025
Blast Water Flosser - Teal,RM211.57,29%,https://shopee.com.my/image_not_available.jpg,6/07/2025
Cashew Nuts Mixed,RM14.49,15%,https://shopee.com.my/image_not_available.jpg,6/07/2025
Mango Jumbo (700ml,RM13.99,26%,https://shopee.com.my/image_not_available.jpg,6/07/2025
Mushroom 16.8g,RM4.65,13%,https://shopee.com.my/image_not_available.jpg,6/07/2025
MY Stax Sour Cream,RM5.75,15%,https://shopee.com.my/image_not_available.jpg,6/07/2025
Price Range,RM MIN,,https://shopee.com.my/image_not_available.jpg,6/07/2025
RM MIN,RM MAX,,https://shopee.com.my/image_not_available.jpg,6/07/2025
Mochi Hada Shower,RM18.29,24%,https://shopee.com.my/image_not_available.jpg,6/07/2025
Instant Robust Tea Taste,RM17.39,18%,https://shopee.com.my/image_not_available.jpg,6/07/2025
Milk + Rice Lotion 500ml,RM21.25,27%,https://shopee.com.my/image_not_available.jpg,6/07/2025
Oriental Instant Soup,RM5.50,15%,https://shopee.com.my/image_not_available.jpg,6/07/2025
Carefree Ultra Thin,RM11.34,16%,https://shopee.com.my/image_not_available.jpg,6/07/2025
,RM8.10,,https://shopee.com.my/image_not_available.jpg,6/07/2025
Sea,RM7.38,,https://shopee.com.my/image_not_available.jpg,6/07/2025
Sea,RM21.08,,https://shopee.com.my/image_not_available.jpg,6/07/2025
Sea,RM18.07,,https://shopee.com.my/image_not_available.jpg,6/07/2025
Sea,RM27.53,,https://shopee.com.my/image_not_available.jpg,6/07/2025
Instant Mix Tea 750g,RM23.05,8%,https://shopee.com.my/image_not_available.jpg,6/07/2025
Spirals 500g,RM4.80,8%,https://shopee.com.my/image_not_available.jpg,6/07/2025
Ikan Bilis 6 Cubes,RM2.70,14%,https://shopee.com.my/image_not_available.jpg,6/07/2025
Ginger Beer Diet 375ml x,RM22.99,15%,https://shopee.com.my/image_not_available.jpg,6/07/2025
Moisturising Lotion,RM29.60,34%,https://shopee.com.my/image_not_available.jpg,6/07/2025
Price Range,RM MIN,,https://shopee.com.my/image_not_available.jpg,6/07/2025
RM MIN,RM MAX,,https://shopee.com.my/image_not_available.jpg,6/07/2025
Premium Pants Leak Pro,RM54.80,20%,https://shopee.com.my/image_not_available.jpg,6/07/2025
MY Stax BBQ 135g,RM5.80,15%,https://shopee.com.my/image_not_available.jpg,6/07/2025
Truffle 170g,RM12.05,17%,https://shopee.com.my/image_not_available.jpg,6/07/2025
Gentle Clean Alcohol Fre,RM15.11,31%,https://shopee.com.my/image_not_available.jpg,6/07/2025
Free 4 Cans) NESCAFE,RM60.64,16%,https://shopee.com.my/image_not_available.jpg,6/07/2025
,RM8.04,,https://shopee.com.my/image_not_available.jpg,6/07/2025
,RM24.63,,https://shopee.com.my/image_not_available.jpg,6/07/2025
Sea,RM6.70,,https://shopee.com.my/image_not_available.jpg,6/07/2025
Sea,RM5.45,,https://shopee.com.my/image_not_available.jpg,6/07/2025
,RM164.40,,https://shopee.com.my/image_not_available.jpg,6/07/2025
Resealable Chewy Mints,RM2.80,20%,https://shopee.com.my/image_not_available.jpg,6/07/2025
DrySkin Marshmallow,RM24.87,11%,https://shopee.com.my/image_not_available.jpg,6/07/2025
Ambi Pur Room Fresh Air,RM15.60,22%,https://shopee.com.my/image_not_available.jpg,6/07/2025
Tissue Limited Edition,RM6.00,21%,https://shopee.com.my/image_not_available.jpg,6/07/2025
Luxurious Soft Pack 3ply,RM13.37,16%,https://shopee.com.my/image_not_available.jpg,6/07/2025
Price Range,RM MIN,,https://shopee.com.my/image_not_available.jpg,6/07/2025
RM MIN,RM MAX,,https://shopee.com.my/image_not_available.jpg,6/07/2025
Bleach Fabric Stain,RM8.19,23%,https://shopee.com.my/image_not_available.jpg,6/07/2025
Vinda Prestige 4D Deco,RM9.00,28%,https://shopee.com.my/image_not_available.jpg,6/07/2025
Anti-Bacterial Fabric,RM7.14,11%,https://shopee.com.my/image_not_available.jpg,6/07/2025
3in1 Malt Barley Activ-Go,RM15.05,21%,https://shopee.com.my/image_not_available.jpg,6/07/2025
Powder Laundry Deterge,RM26.29,26%,https://shopee.com.my/image_not_available.jpg,6/07/2025
,RM49.65,,https://shopee.com.my/image_not_available.jpg,6/07/2025
,RM35.25,,https://shopee.com.my/image_not_available.jpg,6/07/2025
,RM8.69,,https://shopee.com.my/image_not_available.jpg,6/07/2025
Sea,RM6.90,,https://shopee.com.my/image_not_available.jpg,6/07/2025
Sea,RM7.43,,https://shopee.com.my/image_not_available.jpg,6/07/2025
𝗝𝘂𝗺𝗯𝗼 𝗣𝗮𝗰𝗸 Day&Night,RM28.90,15%,https://shopee.com.my/image_not_available.jpg,6/07/2025
MentholEucalyptus Clove,RM2.00,31%,https://shopee.com.my/image_not_available.jpg,6/07/2025
Peony & Berry Bliss Start,RM24.39,24%,https://shopee.com.my/image_not_available.jpg,6/07/2025
Clear Stuffy Nose With,RM6.08,32%,https://shopee.com.my/image_not_available.jpg,6/07/2025
𝗦𝗮𝗹𝘁𝗲𝗱 𝗣𝗲𝗮𝗻𝘂𝘁𝘀 365g,RM9.09,18%,https://shopee.com.my/image_not_available.jpg,6/07/2025
Price Range,RM MIN,,https://shopee.com.my/image_not_available.jpg,6/07/2025
RM MIN,RM MAX,,https://shopee.com.my/image_not_available.jpg,6/07/2025
Fresh Romantic Rose Air,RM5.30,32%,https://shopee.com.my/image_not_available.jpg,6/07/2025
Crisps Original 134g,RM8.00,6%,https://shopee.com.my/image_not_available.jpg,6/07/2025
Pack Bag Fruit (36s) 97.2g,RM3.40,6%,https://shopee.com.my/image_not_available.jpg,6/07/2025
Merries Super Premium,RM54.80,20%,https://shopee.com.my/image_not_available.jpg,6/07/2025
Plaque Release Reviving,RM15.87,16%,https://shopee.com.my/image_not_available.jpg,6/07/2025
,RM6.59,,https://shopee.com.my/image_not_available.jpg,6/07/2025
,RM1.59,,https://shopee.com.my/image_not_available.jpg,6/07/2025
Sea,RM3.87,,https://shopee.com.my/image_not_available.jpg,6/07/2025
Sea,RM5.45,,https://shopee.com.my/image_not_available.jpg,6/07/2025
Sea,RM2.99,,https://shopee.com.my/image_not_available.jpg,6/07/2025
1 White Coffee Tarik,RM11.40,36%,https://shopee.com.my/image_not_available.jpg,6/07/2025
Kotex Herbal Cool Panty,RM13.90,23%,https://shopee.com.my/image_not_available.jpg,6/07/2025
Crackers (343g,RM4.00,15%,https://shopee.com.my/image_not_available.jpg,6/07/2025
Boost Yellow label loose,RM6.27,5%,https://shopee.com.my/image_not_available.jpg,6/07/2025
Oven Roasted Almonds,RM13.49,16%,https://shopee.com.my/image_not_available.jpg,6/07/2025
Price Range,RM MIN,,https://shopee.com.my/image_not_available.jpg,6/07/2025
RM MIN,RM MAX,,https://shopee.com.my/image_not_available.jpg,6/07/2025
Cane Sugar Syrup 700ml,RM31.65,16%,https://shopee.com.my/image_not_available.jpg,6/07/2025
AMORE Butter Cookies,RM5.22,20%,https://shopee.com.my/image_not_available.jpg,6/07/2025
Pantyliner 100s,RM14.69,13%,https://shopee.com.my/image_not_available.jpg,6/07/2025
Dishwashing Paste Lime,RM4.16,18%,https://shopee.com.my/image_not_available.jpg,6/07/2025
Light Perfecting Cream,RM38.99,30%,https://shopee.com.my/image_not_available.jpg,6/07/2025
,RM9.00,,https://shopee.com.my/image_not_available.jpg,6/07/2025
Sea,RM6.63,,https://shopee.com.my/image_not_available.jpg,6/07/2025
Sea,RM19.00,,https://shopee.com.my/image_not_available.jpg,6/07/2025
Sea,RM2.55,,https://shopee.com.my/image_not_available.jpg,6/07/2025
Sea,RM13.50,,https://shopee.com.my/image_not_available.jpg,6/07/2025
Sauce No Artificial,RM5.40,9%,https://shopee.com.my/image_not_available.jpg,6/07/2025
Oxi Action Stain Remover,RM13.59,12%,https://shopee.com.my/image_not_available.jpg,6/07/2025
Pomegranate & Yuzu,RM6.63,8%,https://shopee.com.my/image_not_available.jpg,6/07/2025
Concentrate Less Sweet,RM13.30,15%,https://shopee.com.my/image_not_available.jpg,6/07/2025
Origins Cap Colombia Ja,RM28.64,11%,https://shopee.com.my/image_not_available.jpg,6/07/2025
Lemonade 375ml x 4s,RM20.99,22%,https://shopee.com.my/image_not_available.jpg,6/07/2025
Chicken Cheese Ramen,RM23.65,19%,https://shopee.com.my/image_not_available.jpg,6/07/2025
Cili Ala Kampung 89g x 5,RM7.30,8%,https://shopee.com.my/image_not_available.jpg,6/07/2025
Mate Pouch 450g (Halal,RM9.90,1%,https://shopee.com.my/image_not_available.jpg,6/07/2025
NESCAFE Gold Refill 170,RM55.41,24%,https://shopee.com.my/image_not_available.jpg,6/07/2025
,RM5.20,,https://shopee.com.my/image_not_available.jpg,6/07/2025
,RM8.85,,https://shopee.com.my/image_not_available.jpg,6/07/2025
,RM54.74,,https://shopee.com.my/image_not_available.jpg,6/07/2025
,RM23.59,,https://shopee.com.my/image_not_available.jpg,6/07/2025
Sea,RM23.65,,https://shopee.com.my/image_not_available.jpg,6/07/2025
1 Teh Tarik Traditional,RM13.00,27%,https://shopee.com.my/image_not_available.jpg,6/07/2025
Decaf Decaffeinated Jar,RM25.63,12%,https://shopee.com.my/image_not_available.jpg,6/07/2025
Caffe Latte 18g x 4s,RM11.34,14%,https://shopee.com.my/image_not_available.jpg,6/07/2025
3in1 Honey 28g x 14s,RM10.47,23%,https://shopee.com.my/image_not_available.jpg,6/07/2025
Instant Lasagna 250g,RM5.10,9%,https://shopee.com.my/image_not_available.jpg,6/07/2025
Price Range,RM MIN,,https://shopee.com.my/image_not_available.jpg,6/07/2025
RM MIN,RM MAX,,https://shopee.com.my/image_not_available.jpg,6/07/2025
Instant Oats 450g,RM6.59,30%,https://shopee.com.my/image_not_available.jpg,6/07/2025
Shoulders Shampoo Anti,RM25.43,32%,https://shopee.com.my/image_not_available.jpg,6/07/2025
Vegeroni Spirals 375g,RM4.80,8%,https://shopee.com.my/image_not_available.jpg,6/07/2025
Milk + Rice Bath Refill,RM16.24,30%,https://shopee.com.my/image_not_available.jpg,6/07/2025
Gift 𝗦𝗲𝗲𝗱𝗹𝗲𝘀𝘀 Dried Plum,RM3.89,14%,https://shopee.com.my/image_not_available.jpg,6/07/2025
,RM3.75,,https://shopee.com.my/image_not_available.jpg,6/07/2025
Sea,RM18.10,,https://shopee.com.my/image_not_available.jpg,6/07/2025
Sea,RM26.28,,https://shopee.com.my/image_not_available.jpg,6/07/2025
Sea,RM23.16,,https://shopee.com.my/image_not_available.jpg,6/07/2025
Sea,RM2.55,,https://shopee.com.my/image_not_available.jpg,6/07/2025
Krunch Cereal 70g (Halal,RM3.19,1%,https://shopee.com.my/image_not_available.jpg,6/07/2025
Surface Cleaner,RM8.39,33%,https://shopee.com.my/image_not_available.jpg,6/07/2025
Care Mild Taste,RM10.65,25%,https://shopee.com.my/image_not_available.jpg,6/07/2025
Clean - Normal/Heavy Da,RM22.30,23%,https://shopee.com.my/image_not_available.jpg,6/07/2025
Potato Chips Extra Bbq,RM2.95,16%,https://shopee.com.my/image_not_available.jpg,6/07/2025
Price Range,RM MIN,,https://shopee.com.my/image_not_available.jpg,6/07/2025
RM MIN,RM MAX,,https://shopee.com.my/image_not_available.jpg,6/07/2025
Tea Selection,RM15.60,,https://shopee.com.my/image_not_available.jpg,6/07/2025
in 1 Earl Grey 12s,RM17.55,4%,https://shopee.com.my/image_not_available.jpg,6/07/2025
Sauce 340g (Halal,RM5.44,9%,https://shopee.com.my/image_not_available.jpg,6/07/2025
𝗧𝗲𝗮 𝗠𝗶𝘅 Pack 20g x 30s,RM15.05,8%,https://shopee.com.my/image_not_available.jpg,6/07/2025
LessGrease Original 102g,RM6.90,7%,https://shopee.com.my/image_not_available.jpg,6/07/2025
,RM12.30,,https://shopee.com.my/image_not_available.jpg,6/07/2025
,RM19.11,,https://shopee.com.my/image_not_available.jpg,6/07/2025
,RM10.87,,https://shopee.com.my/image_not_available.jpg,6/07/2025
Sea,RM18.09,,https://shopee.com.my/image_not_available.jpg,6/07/2025
,RM10.25,,https://shopee.com.my/image_not_available.jpg,6/07/2025
Gel Instant Cool 950ml,RM21.74,11%,https://shopee.com.my/image_not_available.jpg,6/07/2025
Original 135g,RM6.40,6%,https://shopee.com.my/image_not_available.jpg,6/07/2025
Salted Broad Bean w/o,RM9.09,18%,https://shopee.com.my/image_not_available.jpg,6/07/2025
90g,RM6.10,6%,https://shopee.com.my/image_not_available.jpg,6/07/2025
Naturel Protection Body,RM10.09,37%,https://shopee.com.my/image_not_available.jpg,6/07/2025
Price Range,RM MIN,,https://shopee.com.my/image_not_available.jpg,6/07/2025
RM MIN,RM MAX,,https://shopee.com.my/image_not_available.jpg,6/07/2025
Sauce 500g (Halal,RM6.53,17%,https://shopee.com.my/image_not_available.jpg,6/07/2025
Shampoo Silky Smooth,RM24.68,34%,https://shopee.com.my/image_not_available.jpg,6/07/2025
Hydration Cherry Blosso,RM39.74,28%,https://shopee.com.my/image_not_available.jpg,6/07/2025
Silicone/Paraben/Mineral,RM14.24,20%,https://shopee.com.my/image_not_available.jpg,6/07/2025
Margarine (240g,RM4.64,24%,https://shopee.com.my/image_not_available.jpg,6/07/2025
,RM5.45,,https://shopee.com.my/image_not_available.jpg,6/07/2025
,RM9.30,,https://shopee.com.my/image_not_available.jpg,6/07/2025
Sea,RM5.30,,https://shopee.com.my/image_not_available.jpg,6/07/2025
Sea,RM3.57,,https://shopee.com.my/image_not_available.jpg,6/07/2025
,RM9.70,,https://shopee.com.my/image_not_available.jpg,6/07/2025
Krunch Cookies 70g,RM3.05,5%,https://shopee.com.my/image_not_available.jpg,6/07/2025
Oral-B Essential Floss,RM15.71,33%,https://shopee.com.my/image_not_available.jpg,6/07/2025
Steam Eye Mask,RM18.00,20%,https://shopee.com.my/image_not_available.jpg,6/07/2025
Hair & Body Wash Yoghu,RM18.59,10%,https://shopee.com.my/image_not_available.jpg,6/07/2025
UV Shower Cream,RM10.09,22%,https://shopee.com.my/image_not_available.jpg,6/07/2025
Price Range,RM MIN,,https://shopee.com.my/image_not_available.jpg,6/07/2025
RM MIN,RM MAX,,https://shopee.com.my/image_not_available.jpg,6/07/2025
Cocktail Nuts 115g,RM10.49,5%,https://shopee.com.my/image_not_available.jpg,6/07/2025
Anti-Hairfall Shampoo,RM19.88,25%,https://shopee.com.my/image_not_available.jpg,6/07/2025
Naturel Protection,RM10.09,37%,https://shopee.com.my/image_not_available.jpg,6/07/2025
Cameron Highlands 500g,RM12.40,4%,https://shopee.com.my/image_not_available.jpg,6/07/2025
Original Cream Crackers,RM5.00,18%,https://shopee.com.my/image_not_available.jpg,6/07/2025
,RM9.50,,https://shopee.com.my/image_not_available.jpg,6/07/2025
Sea,RM12.75,,https://shopee.com.my/image_not_available.jpg,6/07/2025
Sea,RM11.20,,https://shopee.com.my/image_not_available.jpg,6/07/2025
Sea,RM25.43,,https://shopee.com.my/image_not_available.jpg,6/07/2025
Sea,RM7.94,,https://shopee.com.my/image_not_available.jpg,6/07/2025
Teh Tarik Cup 72g,RM4.90,29%,https://shopee.com.my/image_not_available.jpg,6/07/2025
Fresh Air Refreshing Gel,RM7.95,24%,https://shopee.com.my/image_not_available.jpg,6/07/2025
Gel Body Wash Skin Care,RM21.74,11%,https://shopee.com.my/image_not_available.jpg,6/07/2025
Antibacterial Disinfectant,RM11.04,30%,https://shopee.com.my/image_not_available.jpg,6/07/2025
Laundry Detergent,RM22.55,31%,https://shopee.com.my/image_not_available.jpg,6/07/2025
Price Range,RM MIN,,https://shopee.com.my/image_not_available.jpg,6/07/2025
RM MIN,RM MAX,,https://shopee.com.my/image_not_available.jpg,6/07/2025
Bud 400 Tips,RM4.79,19%,https://shopee.com.my/image_not_available.jpg,6/07/2025
Powder 120g,RM5.70,3%,https://shopee.com.my/image_not_available.jpg,6/07/2025
Aloe Vera Dishwash Liqui,RM9.45,8%,https://shopee.com.my/image_not_available.jpg,6/07/2025
Duty Garbage Bags L x 10s,RM3.89,22%,https://shopee.com.my/image_not_available.jpg,6/07/2025
Disposable Razor Long,RM8.18,33%,https://shopee.com.my/image_not_available.jpg,6/07/2025
,RM4.90,,https://shopee.com.my/image_not_available.jpg,6/07/2025
,RM11.93,,https://shopee.com.my/image_not_available.jpg,6/07/2025
Sea,RM20.53,,https://shopee.com.my/image_not_available.jpg,6/07/2025
Sea,RM9.55,,https://shopee.com.my/image_not_available.jpg,6/07/2025
,RM13.50,,https://shopee.com.my/image_not_available.jpg,6/07/2025
Resistant Essential Floss,RM8.21,33%,https://shopee.com.my/image_not_available.jpg,6/07/2025
Deodorant Perfume Body,RM9.89,30%,https://shopee.com.my/image_not_available.jpg,6/07/2025
Peach & Passion Fruit 20tb,RM11.95,16%,https://shopee.com.my/image_not_available.jpg,6/07/2025
Junior Kids FoodGrade,RM8.70,,https://shopee.com.my/image_not_available.jpg,6/07/2025
Kids Toothpaste Orange,RM2.55,42%,https://shopee.com.my/image_not_available.jpg,6/07/2025
Price Range,RM MIN,,https://shopee.com.my/image_not_available.jpg,6/07/2025
RM MIN,RM MAX,,https://shopee.com.my/image_not_available.jpg,6/07/2025
Laundry Detergent And,RM10.95,21%,https://shopee.com.my/image_not_available.jpg,6/07/2025
𝗚𝗿𝗲𝗲𝗻 𝗧𝗲𝗮 100tb,RM18.50,21%,https://shopee.com.my/image_not_available.jpg,6/07/2025
Choco More Sandwich,RM3.80,10%,https://shopee.com.my/image_not_available.jpg,6/07/2025
Baby Milk + Oats Bath,RM19.32,31%,https://shopee.com.my/image_not_available.jpg,6/07/2025
Parfum Collection 370ml,RM5.77,34%,https://shopee.com.my/image_not_available.jpg,6/07/2025
,RM23.50,,https://shopee.com.my/image_not_available.jpg,6/07/2025
Sea,RM8.64,,https://shopee.com.my/image_not_available.jpg,6/07/2025
,RM3.20,,https://shopee.com.my/image_not_available.jpg,6/07/2025
Sea,RM17.43,,https://shopee.com.my/image_not_available.jpg,6/07/2025
Sea,RM2.55,,https://shopee.com.my/image_not_available.jpg,6/07/2025
Women Daisy Ultragrip,RM4.88,25%,https://shopee.com.my/image_not_available.jpg,6/07/2025
Vinda Deluxe Soft Pack,RM10.35,28%,https://shopee.com.my/image_not_available.jpg,6/07/2025
Hair Fall Control Shampo,RM26.90,,https://shopee.com.my/image_not_available.jpg,6/07/2025
Huggies Baby Wipes Cle,RM12.90,9%,https://shopee.com.my/image_not_available.jpg,6/07/2025
Bacterial Fabric Refreshe,RM9.90,29%,https://shopee.com.my/image_not_available.jpg,6/07/2025
Price Range,RM MIN,,https://shopee.com.my/image_not_available.jpg,6/07/2025
RM MIN,RM MAX,,https://shopee.com.my/image_not_available.jpg,6/07/2025
Non Wing,RM7.90,11%,https://shopee.com.my/image_not_available.jpg,6/07/2025
Chilli Sauce 500g (Halal,RM5.58,7%,https://shopee.com.my/image_not_available.jpg,6/07/2025
Improved Recipe Dutch,RM4.59,17%,https://shopee.com.my/image_not_available.jpg,6/07/2025
Boost Glucose Drink,RM18.11,9%,https://shopee.com.my/image_not_available.jpg,6/07/2025
Tiger Toothpaste 40g,RM2.55,29%,https://shopee.com.my/image_not_available.jpg,6/07/2025
,RM13.90,,https://shopee.com.my/image_not_available.jpg,6/07/2025
,RM3.38,,https://shopee.com.my/image_not_available.jpg,6/07/2025
Sea,RM14.99,,https://shopee.com.my/image_not_available.jpg,6/07/2025
Sea,RM6.71,,https://shopee.com.my/image_not_available.jpg,6/07/2025
,RM10.17,,https://shopee.com.my/image_not_available.jpg,6/07/2025
Clean Regular Head,RM9.09,45%,https://shopee.com.my/image_not_available.jpg,6/07/2025
TartarControl Dental Flos,RM7.62,15%,https://shopee.com.my/image_not_available.jpg,6/07/2025
Salted Peanut 40g,RM1.49,7%,https://shopee.com.my/image_not_available.jpg,6/07/2025
Coffee 36g x 15s (Halal,RM16.00,22%,https://shopee.com.my/image_not_available.jpg,6/07/2025
Fragrance Liquid Lavend,RM8.96,,https://shopee.com.my/image_not_available.jpg,6/07/2025
Price Range,RM MIN,,https://shopee.com.my/image_not_available.jpg,6/07/2025
RM MIN,RM MAX,,https://shopee.com.my/image_not_available.jpg,6/07/2025
Sticks 50s,RM9.70,8%,https://shopee.com.my/image_not_available.jpg,6/07/2025
Original 1.5L,RM3.65,11%,https://shopee.com.my/image_not_available.jpg,6/07/2025
Collection Fabric,RM16.35,33%,https://shopee.com.my/image_not_available.jpg,6/07/2025
Lemon 700g,RM6.68,10%,https://shopee.com.my/image_not_available.jpg,6/07/2025
Oven Roasted Salted,RM13.49,16%,https://shopee.com.my/image_not_available.jpg,6/07/2025
,RM8.01,,https://shopee.com.my/image_not_available.jpg,6/07/2025
Sea,RM5.89,,https://shopee.com.my/image_not_available.jpg,6/07/2025
Sea,RM7.90,,https://shopee.com.my/image_not_available.jpg,6/07/2025
,RM10.36,,https://shopee.com.my/image_not_available.jpg,6/07/2025
,RM9.72,,https://shopee.com.my/image_not_available.jpg,6/07/2025
BBQ 65g (CN,RM3.95,6%,https://shopee.com.my/image_not_available.jpg,6/07/2025
Remover Pink Oxi Action,RM34.05,15%,https://shopee.com.my/image_not_available.jpg,6/07/2025
Cotton 𝟭𝟲𝟬𝘀,RM5.39,21%,https://shopee.com.my/image_not_available.jpg,6/07/2025
Lotion 500ml,RM19.73,27%,https://shopee.com.my/image_not_available.jpg,6/07/2025
Sitrus Powder Detergent,RM16.39,29%,https://shopee.com.my/image_not_available.jpg,6/07/2025
Price Range,RM MIN,,https://shopee.com.my/image_not_available.jpg,6/07/2025
RM MIN,RM MAX,,https://shopee.com.my/image_not_available.jpg,6/07/2025
Shoulders Shampoo Zinc,RM25.43,32%,https://shopee.com.my/image_not_available.jpg,6/07/2025
Lemon Flavoured Cream,RM3.80,10%,https://shopee.com.my/image_not_available.jpg,6/07/2025
Huhu 36cm Maximum All,RM5.78,28%,https://shopee.com.my/image_not_available.jpg,6/07/2025
Gel Instant Cool Odour,RM13.42,5%,https://shopee.com.my/image_not_available.jpg,6/07/2025
Shampoo 𝗦𝗺𝗼𝗼𝘁𝗵 𝗔𝗻𝗱,RM18.79,10%,https://shopee.com.my/image_not_available.jpg,6/07/2025
,RM2.33,,https://shopee.com.my/image_not_available.jpg,6/07/2025
Sea,RM4.16,,https://shopee.com.my/image_not_available.jpg,6/07/2025
,RM35.90,,https://shopee.com.my/image_not_available.jpg,6/07/2025
,RM6.39,,https://shopee.com.my/image_not_available.jpg,6/07/2025
Sea,RM8.04,,https://shopee.com.my/image_not_available.jpg,6/07/2025
Disinfecting Bleach,RM8.30,6%,https://shopee.com.my/image_not_available.jpg,6/07/2025
Powder Super Color 2.1kg,RM13.37,35%,https://shopee.com.my/image_not_available.jpg,6/07/2025
Pack Menthol Mint 2.7g x,RM25.85,8%,https://shopee.com.my/image_not_available.jpg,6/07/2025
Pewangi Detergent,RM16.48,20%,https://shopee.com.my/image_not_available.jpg,6/07/2025
Powder Blooming,RM22.88,31%,https://shopee.com.my/image_not_available.jpg,6/07/2025
Price Range,RM MIN,,https://shopee.com.my/image_not_available.jpg,6/07/2025
RM MIN,RM MAX,,https://shopee.com.my/image_not_available.jpg,6/07/2025
Concentrate Fabric,RM6.56,21%,https://shopee.com.my/image_not_available.jpg,6/07/2025
2-4 Years Old Mickey,RM4.46,34%,https://shopee.com.my/image_not_available.jpg,6/07/2025
Comfort Procomfort,RM23.29,14%,https://shopee.com.my/image_not_available.jpg,6/07/2025
Green Tea 2g x 20s,RM8.90,9%,https://shopee.com.my/image_not_available.jpg,6/07/2025
Protection Overnight Win,RM12.50,26%,https://shopee.com.my/image_not_available.jpg,6/07/2025
,RM4.63,,https://shopee.com.my/image_not_available.jpg,6/07/2025
,RM11.40,,https://shopee.com.my/image_not_available.jpg,6/07/2025
Sea,RM26.50,,https://shopee.com.my/image_not_available.jpg,6/07/2025
Sea,RM13.50,,https://shopee.com.my/image_not_available.jpg,6/07/2025
Sea,RM3.57,,https://shopee.com.my/image_not_available.jpg,6/07/2025
Spearmint 35g,RM4.65,30%,https://shopee.com.my/image_not_available.jpg,6/07/2025
Antimos Pants Baby,RM35.50,,https://shopee.com.my/image_not_available.jpg,6/07/2025
bacterial Foaming Hand,RM9.69,30%,https://shopee.com.my/image_not_available.jpg,6/07/2025
Chocolate Stripes Peanut,RM14.90,,https://shopee.com.my/image_not_available.jpg,6/07/2025
Detergent Odour Buster,RM10.75,28%,https://shopee.com.my/image_not_available.jpg,6/07/2025
Chestnuts 𝘄𝗶𝘁𝗵𝗼𝘂𝘁 𝗦𝗵𝗲𝗹𝗹,RM10.49,15%,https://shopee.com.my/image_not_available.jpg,6/07/2025
Gel Body Wash Assorted,RM25.00,29%,https://shopee.com.my/image_not_available.jpg,6/07/2025
Drink Regular 160g,RM3.00,17%,https://shopee.com.my/image_not_available.jpg,6/07/2025
Crackers 𝗖𝗿𝗲𝗮𝗺 𝗖𝗿𝗮𝗰𝗸𝗲𝗿,RM5.20,19%,https://shopee.com.my/image_not_available.jpg,6/07/2025
JIGS - Cheesy Cheese,RM2.20,19%,https://shopee.com.my/image_not_available.jpg,6/07/2025
,RM9.80,,https://shopee.com.my/image_not_available.jpg,6/07/2025
,RM14.17,,https://shopee.com.my/image_not_available.jpg,6/07/2025
Sea,RM19.09,,https://shopee.com.my/image_not_available.jpg,6/07/2025
,RM3.83,,https://shopee.com.my/image_not_available.jpg,6/07/2025
,RM3.09,,https://shopee.com.my/image_not_available.jpg,6/07/2025
Softergent Sakura Bloom,RM11.20,12%,https://shopee.com.my/image_not_available.jpg,6/07/2025
𝗞𝗿𝘂𝗻𝗰𝗵 Biscuit - Cranberr,RM10.60,16%,https://shopee.com.my/image_not_available.jpg,6/07/2025
Panties M-L/L-XL - Perio,RM12.50,10%,https://shopee.com.my/image_not_available.jpg,6/07/2025
Biscuit Stick (33g,RM3.38,18%,https://shopee.com.my/image_not_available.jpg,6/07/2025
Honey Cashewnut 40g,RM3.57,15%,https://shopee.com.my/image_not_available.jpg,6/07/2025
𝗯𝗮𝗰𝘁𝗲𝗿𝗶𝗮𝗹 Foaming Hand,RM6.78,29%,https://shopee.com.my/image_not_available.jpg,6/07/2025
Cashew Nuts Mixed,RM3.57,15%,https://shopee.com.my/image_not_available.jpg,6/07/2025
Cup Chicken 57g x 6 Cup,RM11.90,15%,https://shopee.com.my/image_not_available.jpg,6/07/2025
AFC Original 450g (Halal,RM8.30,10%,https://shopee.com.my/image_not_available.jpg,6/07/2025
Crackers (390g,RM4.90,20%,https://shopee.com.my/image_not_available.jpg,6/07/2025
,RM3.00,,https://shopee.com.my/image_not_available.jpg,6/07/2025
Sea,RM4.59,,https://shopee.com.my/image_not_available.jpg,6/07/2025
,RM6.05,,https://shopee.com.my/image_not_available.jpg,6/07/2025
,RM4.59,,https://shopee.com.my/image_not_available.jpg,6/07/2025
Sea,RM5.89,,https://shopee.com.my/image_not_available.jpg,6/07/2025
Butter Sandwich 360g,RM9.30,15%,https://shopee.com.my/image_not_available.jpg,6/07/2025
Plus UHT Plain Milk 200,RM10.67,23%,https://shopee.com.my/image_not_available.jpg,6/07/2025
Toilet Roll 2ply 20 Roll x,RM17.15,12%,https://shopee.com.my/image_not_available.jpg,6/07/2025
Coaster - BBQ (60g,RM2.20,19%,https://shopee.com.my/image_not_available.jpg,6/07/2025
Plus Cholesterol Lowerin,RM46.55,10%,https://shopee.com.my/image_not_available.jpg,6/07/2025
Toothpaste Triple Cavity,RM10.39,29%,https://shopee.com.my/image_not_available.jpg,6/07/2025
Laundry Detergent Super,RM34.09,29%,https://shopee.com.my/image_not_available.jpg,6/07/2025
Plus Milk Powder Lower,RM47.11,11%,https://shopee.com.my/image_not_available.jpg,6/07/2025
Floss Braces Cleaning,RM9.63,34%,https://shopee.com.my/image_not_available.jpg,6/07/2025
Crackers 331g,RM4.00,15%,https://shopee.com.my/image_not_available.jpg,6/07/2025
,RM11.69,,https://shopee.com.my/image_not_available.jpg,6/07/2025
,RM8.64,,https://shopee.com.my/image_not_available.jpg,6/07/2025
,RM18.70,,https://shopee.com.my/image_not_available.jpg,6/07/2025
Sea,RM5.69,,https://shopee.com.my/image_not_available.jpg,6/07/2025
,RM9.00,,https://shopee.com.my/image_not_available.jpg,6/07/2025
Rich 18g x 25s (Halal,RM16.20,4%,https://shopee.com.my/image_not_available.jpg,6/07/2025
Guide Banana 36g,RM5.69,22%,https://shopee.com.my/image_not_available.jpg,6/07/2025
Sambal Tumis 30g (Halal,RM1.43,11%,https://shopee.com.my/image_not_available.jpg,6/07/2025
Pants Super Jumbo Pack,RM31.09,8%,https://shopee.com.my/image_not_available.jpg,6/07/2025
Maccheroni 400g,RM2.90,8%,https://shopee.com.my/image_not_available.jpg,6/07/2025
Price Range,RM MIN,,https://shopee.com.my/image_not_available.jpg,6/07/2025
RM MIN,RM MAX,,https://shopee.com.my/image_not_available.jpg,6/07/2025
Gel Ocean Escape 180g x,RM15.21,24%,https://shopee.com.my/image_not_available.jpg,6/07/2025
Collagen Repair & Smoot,RM5.18,32%,https://shopee.com.my/image_not_available.jpg,6/07/2025
Letter Chocolate (705g,RM19.70,12%,https://shopee.com.my/image_not_available.jpg,6/07/2025
Herbs Pasta Sauce 290g,RM5.15,13%,https://shopee.com.my/image_not_available.jpg,6/07/2025
Giler Cheezy Berapi Bowl,RM4.80,4%,https://shopee.com.my/image_not_available.jpg,6/07/2025
,RM23.89,,https://shopee.com.my/image_not_available.jpg,6/07/2025
,RM4.59,,https://shopee.com.my/image_not_available.jpg,6/07/2025
,RM4.60,,https://shopee.com.my/image_not_available.jpg,6/07/2025
Sea,RM16.51,,https://shopee.com.my/image_not_available.jpg,6/07/2025
Sea,RM36.75,,https://shopee.com.my/image_not_available.jpg,6/07/2025
Refreshing Mint 100ML,RM19.20,20%,https://shopee.com.my/image_not_available.jpg,6/07/2025
𝗝𝘂𝗺𝗯𝗼 (700ml,RM13.29,30%,https://shopee.com.my/image_not_available.jpg,6/07/2025
Double Chocolate,RM6.15,15%,https://shopee.com.my/image_not_available.jpg,6/07/2025
Oil 300ml,RM14.93,21%,https://shopee.com.my/image_not_available.jpg,6/07/2025
Pink Guava & Strawberry,RM13.99,26%,https://shopee.com.my/image_not_available.jpg,6/07/2025
Price Range,RM MIN,,https://shopee.com.my/image_not_available.jpg,6/07/2025
RM MIN,RM MAX,,https://shopee.com.my/image_not_available.jpg,6/07/2025
Hand Wash Refill Pouch,RM6.68,7%,https://shopee.com.my/image_not_available.jpg,6/07/2025
Micro-Clean Tech With,RM10.75,28%,https://shopee.com.my/image_not_available.jpg,6/07/2025
UltraThin Bristles Gentle,RM11.00,29%,https://shopee.com.my/image_not_available.jpg,6/07/2025
Laundry Detergent Silky,RM22.88,31%,https://shopee.com.my/image_not_available.jpg,6/07/2025
Fresh Berries Refill,RM16.09,23%,https://shopee.com.my/image_not_available.jpg,6/07/2025
,RM3.65,,https://shopee.com.my/image_not_available.jpg,6/07/2025
,RM9.69,,https://shopee.com.my/image_not_available.jpg,6/07/2025
,RM27.10,,https://shopee.com.my/image_not_available.jpg,6/07/2025
Sea,RM16.72,,https://shopee.com.my/image_not_available.jpg,6/07/2025
Sea,RM20.29,,https://shopee.com.my/image_not_available.jpg,6/07/2025
Adult 50g,RM4.39,40%,https://shopee.com.my/image_not_available.jpg,6/07/2025
Cereal Bar 23.5g x 24s,RM49.65,17%,https://shopee.com.my/image_not_available.jpg,6/07/2025
Loops Cereal 285g,RM14.95,7%,https://shopee.com.my/image_not_available.jpg,6/07/2025
Biscuit Stick 31g (1pack,RM1.69,23%,https://shopee.com.my/image_not_available.jpg,6/07/2025
Parfum Passion,RM22.83,33%,https://shopee.com.my/image_not_available.jpg,6/07/2025
Price Range,RM MIN,,https://shopee.com.my/image_not_available.jpg,6/07/2025
RM MIN,RM MAX,,https://shopee.com.my/image_not_available.jpg,6/07/2025
Choco Coated Cream,RM9.90,16%,https://shopee.com.my/image_not_available.jpg,6/07/2025
Koolfever Cooling Gel,RM15.26,3%,https://shopee.com.my/image_not_available.jpg,6/07/2025
Drypants Double,RM40.00,6%,https://shopee.com.my/image_not_available.jpg,6/07/2025
Gel Body Wash Assorted,RM35.87,27%,https://shopee.com.my/image_not_available.jpg,6/07/2025
𝗖𝗵𝗮𝗺𝗯𝗲𝗿 2g x 100s,RM13.35,7%,https://shopee.com.my/image_not_available.jpg,6/07/2025
,RM44.87,,https://shopee.com.my/image_not_available.jpg,6/07/2025
,RM7.43,,https://shopee.com.my/image_not_available.jpg,6/07/2025
,RM10.40,,https://shopee.com.my/image_not_available.jpg,6/07/2025
Sea,RM15.26,,https://shopee.com.my/image_not_available.jpg,6/07/2025
,RM7.94,,https://shopee.com.my/image_not_available.jpg,6/07/2025
Krunch Cereal Bar 25g x,RM8.64,4%,https://shopee.com.my/image_not_available.jpg,6/07/2025
Hand Wash Refill Pouch,RM6.68,7%,https://shopee.com.my/image_not_available.jpg,6/07/2025
Chicken 103g x 5 Packs,RM6.44,9%,https://shopee.com.my/image_not_available.jpg,6/07/2025
Creamy Latte 31g x 12s,RM14.73,17%,https://shopee.com.my/image_not_available.jpg,6/07/2025
Mushroom 290g,RM5.15,13%,https://shopee.com.my/image_not_available.jpg,6/07/2025
